382.34798,288.34076,-792.96623,362.68326,216.97014,-776.05286,377.11594,214.19466,-776.26785,391.60759,211.69497,-776.45859,319.75962,222.04664,-792.3436,302.31052,222.86367,-791.81282,284.90185,223.59541,-792.3999,346.91307,212.41437,-515.77076,236.36641,229.94225,-567.84035,391.41323,317.61669,-678.06969,350.86964,322.32187,-693.52859,496.78444,392.85542,-303.32718,120.90828,415.55746,-427.58095,630.16918,681.07824,-252.11811,44.83007,749.78434,-432.26936,653.24463,860.84026,-534.95441,53.9892,919.61803,-774.04037,687.29645,914.87806,-625.57709,41.58995,985.65891,-869.21104,665.68413,900.23838,-684.97971,55.6473,960.91873,-966.35544,638.11005,883.91687,-577.26471,71.03873,935.90939,-831.06865,436.18263,935.9,-3.70104,159.35664,942.45157,8.47681,426.3863,1377.39887,30.35949,184.72483,1386.54888,-19.72801,412.34734,1783.01743,604.26048,186.38212,1776.57681,360.94318,411.17943,1844.15874,631.10664,173.40637,1831.36997,386.22536,398.39962,1905.9304,140.72942,243.19811,1901.91982,-163.2756
388.67607,289.69691,-1133.38928,371.57856,242.96585,-1129.89685,386.21449,239.57078,-1130.21744,400.90313,236.47355,-1130.5526,326.75987,248.2039,-1162.37289,308.53329,248.43947,-1162.58644,290.43262,248.63746,-1163.00583,392.74208,229.13368,-820.31815,243.88029,247.19132,-958.92799,402.65087,319.7749,-985.85007,357.81528,323.3965,-1028.44742,489.64996,386.9143,-476.77914,127.85896,413.71121,-653.07755,615.96771,592.55825,-418.08685,94.54667,663.38676,-701.65504,618.90942,542.05324,-574.71222,201.36646,545.78115,-886.65871,634.42059,529.23723,-621.98631,226.41024,516.84225,-926.87302,626.76411,501.78223,-647.9866,216.34098,490.00088,-935.60638,609.69948,510.00921,-592.26093,219.21597,499.64281,-886.82388,443.1414,935.43812,22.7669,190.40405,946.12541,-19.75381,446.28193,1377.32117,150.45229,225.6167,1388.60424,34.09842,435.98648,1779.41906,715.72891,239.33796,1785.798,408.8166,427.94624,1838.46622,748.84827,224.25905,1843.46844,431.37943,450.12527,1902.58232,313.23111,306.93792,1904.52084,-77.51477
387.95063,290.93496,-979.0992,375.73105,246.07258,-967.93549,388.0621,242.66318,-968.17368,401.14227,239.52395,-968.39462,338.26092,251.73366,-1004.81583,322.29317,252.19823,-1004.84573,306.56216,252.617,-1005.31822,392.27661,231.85184,-687.6162,263.43283,250.66229,-869.84756,404.56821,319.76592,-851.34758,373.5582,323.17283,-887.84485,466.2167,381.55334,-261.00346,152.64478,406.4227,-653.06129,554.2572,535.50711,-70.59324,217.19534,567.70929,-513.84289,562.83607,421.03297,-184.9115,278.27805,451.33744,-83.25822,566.03138,389.25213,-203.29767,302.83722,422.62742,-56.53937,564.98779,363.55365,-216.35208,283.62827,406.08207,-79.10037,555.51231,377.45879,-199.26523,279.96857,417.07432,-83.77268,420.00282,931.98738,104.76736,235.8535,946.03191,-102.06475,443.23151,1190.42141,120.29028,290.46677,1200.55618,25.54667,438.31749,1583.32191,646.85669,312.26614,1634.14913,361.2479,430.70656,1649.2979,685.0853,287.10424,1709.83738,379.09004,467.47696,1679.5546,364.5015,399.16378,1727.90337,37.55887
387.35985,292.68047,-926.53091,376.5696,248.63168,-914.05457,387.79964,245.38599,-913.76945,400.45048,242.37393,-913.32176,344.58225,254.14181,-952.06535,330.37819,254.64057,-951.77994,316.44464,255.07879,-952.34215,386.78886,234.43407,-603.68519,273.25043,252.82528,-861.3401,397.06478,318.23771,-766.64131,379.64603,322.25172,-840.55283,433.01853,381.76661,-96.2887,163.28728,405.92414,-716.05736,500.98972,531.36475,187.1418,242.48974,557.38569,-496.68976,517.85484,425.24657,81.58648,277.45056,454.34999,32.33221,518.88763,395.41577,70.67088,298.75971,429.94783,56.54619,521.43444,368.78666,42.24743,279.46049,411.44491,26.28697,512.37221,380.81068,60.47527,275.38883,421.06925,31.14901,381.36051,932.10503,198.49279,248.84418,951.59666,-195.82586,437.89909,1037.99458,188.63579,377.03186,1025.88902,-103.02245,441.08303,1397.03373,726.10893,357.38842,1423.7677,352.64694,431.39313,1464.87808,764.40247,311.93699,1496.05431,378.95622,492.47616,1462.32067,577.79163,464.56779,1496.96079,163.49054
387.22,294.84495,-1207.52892,381.54442,248.57892,-1184.61685,393.66814,245.26943,-1184.431,406.66172,242.18559,-1184.32938,345.78125,254.03409,-1244.22729,330.19932,254.48748,-1244.45839,314.91735,254.86828,-1244.67026,399.16874,234.1752,-805.32776,270.39402,252.37598,-1081.71715,400.18314,317.68001,-1030.38376,369.98192,319.72959,-1111.8705,442.17484,379.40283,-278.14404,159.61932,403.66688,-835.89691,528.84136,512.55907,-5.95839,189.86191,551.49834,-688.25333,515.00893,410.23387,-101.84419,235.41567,447.9457,-361.56124,510.08289,387.54782,-115.39501,256.67898,428.66117,-377.90001,506.65279,359.34677,-133.31926,239.47966,407.18136,-414.06387,499.09599,367.50232,-114.61962,238.25123,412.43543,-381.57501,387.56641,931.93159,177.62529,237.85658,957.15855,-174.94867,437.82089,978.07034,175.45538,374.80003,969.88358,-95.3064,445.13443,1301.40118,713.41835,364.25919,1309.01608,390.44418,433.97827,1365.64968,751.09329,318.7875,1371.15166,431.34056,497.9528,1363.13839,541.86157,468.1144,1376.76041,238.25539
410.98862,296.94906,-827.68318,404.42741,250.28798,-820.61043,410.34184,247.25827,-820.15488,417.19879,244.40234,-819.58382,381.65375,255.06354,-927.82425,368.86566,255.32939,-927.99141,356.1985,255.50125,-927.49252,397.1302,236.74663,-555.9383,304.84684,253.33025,-928.97842,405.08427,318.01572,-687.8096,401.03054,319.93409,-831.61209,385.39749,379.68982,-72.16436,197.20594,404.53726,-852.68257,467.52098,514.00972,340.73368,314.88499,559.39573,-710.07538,496.68198,435.08998,404.43363,340.51918,461.08355,-246.3158,499.27181,413.96902,415.50621,363.9703,439.91378,-254.15442,502.40032,393.52103,370.32658,341.56914,421.34837,-277.49933,494.01802,402.30331,381.33686,335.64804,430.33648,-247.81313,356.00983,946.1178,232.19419,268.69228,988.02029,-229.76538,427.05528,754.55807,379.08836,469.68746,791.49244,-87.73965,402.77149,985.18204,1021.745,385.07427,986.40793,551.34766,366.15082,1048.3223,1068.71384,315.46152,1036.28025,615.88257,482.96204,971.25904,952.22778,508.13454,965.72239,556.86623
420.29282,296.88635,-662.70058,412.60292,249.49136,-657.78152,416.40713,246.57723,-657.41364,420.90557,243.82948,-656.8219,394.09042,254.14885,-749.6212,382.51747,254.40754,-749.70169,371.04561,254.57311,-749.55788,396.09749,236.64223,-423.71113,320.96058,252.87452,-896.44211,403.71655,316.3056,-536.49834,399.6859,321.21886,-659.28757,374.70734,379.95498,11.90142,243.49403,407.7608,-802.80487,465.43953,512.9714,362.25071,326.06384,540.26733,-653.8929,497.47974,430.45421,379.57344,352.8825,456.11089,-127.79439,499.63558,407.81359,382.24316,375.36404,439.4145,-132.93826,504.61975,386.22273,342.54593,360.33451,421.8437,-155.63704,496.49269,396.0654,356.75568,352.97993,430.84219,-127.27005,356.78596,957.27247,237.06089,289.76349,1004.47334,-234.53754,415.79693,768.10862,379.58088,471.39648,815.88736,-88.5061,402.27612,1032.16965,998.57903,402.92194,1043.42262,536.1269,369.7958,1102.54623,1042.23656,330.56431,1099.45358,595.89672,483.68813,1022.54356,929.15771,533.84258,1026.33568,523.65246
417.29942,294.04524,-366.2796,408.27126,248.80712,-373.78399,414.46293,245.82018,-373.70506,412.60021,243.03014,-373.251,388.02021,241.07881,-458.96542,371.39519,241.05463,-459.07444,368.7476,254.04396,-459.27692,381.35368,236.19328,-232.40475,323.50746,252.4799,-627.43336,402.02087,316.28803,-278.15109,399.24236,319.71663,-389.62799,346.09684,383.48479,155.6089,273.95046,414.65246,-794.12056,436.84181,529.57769,459.78462,343.25726,565.85535,-476.71825,485.86472,468.88141,440.6039,333.25405,478.64322,143.93193,491.61243,454.62147,436.38069,348.68633,456.83733,156.38471,496.9191,430.05295,396.52779,328.80699,437.68003,123.10267,489.2841,436.31101,414.03,322.85892,449.28271,141.20763,342.9681,981.24916,240.3727,294.5639,1016.063,-237.58482,393.84937,921.8597,309.71066,442.82703,939.90257,-82.14373,404.59587,1245.63789,900.50018,394.06227,1259.2757,495.91728,377.43118,1317.77172,940.29282,328.99292,1326.43284,543.90667,490.5088,1271.76338,790.22415,520.86681,1284.58271,402.22622
423.24471,297.02414,-136.09632,405.59101,248.40646,-143.81383,401.60217,245.4697,-143.60527,395.86452,242.35248,-143.1266,389.89437,240.84031,-234.22527,383.92506,240.51859,-234.29274,366.8486,249.57092,-234.37695,378.76568,241.86084,-36.11753,341.72615,254.96973,-444.25411,401.85921,316.59602,-61.5055,401.19854,320.56829,-180.30941,305.47113,394.33462,298.14026,308.50452,417.99314,-628.43964,408.10219,523.92712,618.74462,392.41844,538.41705,-472.13619,449.4577,452.08391,713.89786,360.40314,439.77402,85.55777,453.05683,434.98899,721.69228,370.53677,413.92568,91.40531,453.32863,414.28027,688.94447,352.91622,404.76571,56.85811,450.03399,422.63005,692.30118,346.4732,419.62126,82.27883,331.91204,997.97161,250.70425,317.79263,1030.72975,-247.79558,387.14535,874.9815,272.12849,452.91176,917.67094,-136.09355,405.89222,1195.02365,769.43115,402.01836,1210.65788,339.70207,382.0723,1271.26762,799.66537,332.42641,1277.2023,381.35571,489.43859,1201.87374,670.31662,535.64522,1215.0626,299.72616
429.93141,290.84164,-463.90423,433.07785,247.94901,-457.00283,433.90476,244.93506,-456.81892,433.98655,241.84513,-456.36494,415.77255,241.09383,-538.563,405.27748,240.69057,-538.54664,391.99017,248.9615,-538.65692,404.57314,241.74159,-242.7853,347.03636,252.14124,-512.18544,417.34894,316.62157,-350.44159,404.09458,320.30239,-457.48894,326.43986,395.12635,153.70183,282.45358,417.98201,-731.08696,445.31845,531.56942,449.46053,368.65944,554.59814,-641.49055,478.16582,457.32456,461.96449,384.36333,462.48244,-119.23845,485.09186,436.82685,467.42989,403.38615,442.01348,-130.41905,482.72064,411.13506,433.57533,386.63734,422.74112,-158.65234,473.03394,419.56163,439.54403,378.92807,433.77797,-127.03566,337.72644,996.61972,263.00659,304.94757,1032.62569,-260.05222,396.82751,868.81313,375.09705,447.96135,890.61052,-116.80437,413.05458,1149.40464,1003.83713,401.79604,1158.49205,501.42315,383.974,1216.73252,1047.34985,333.49747,1224.91951,558.90266,501.34102,1165.25814,920.1268,536.43322,1150.03464,464.61002
440.42824,290.75163,-692.31155,447.88773,247.80931,-677.79892,452.1965,244.94196,-677.55676,456.34163,242.04503,-677.03514,425.47234,243.47285,-778.54286,412.55165,242.89101,-778.60893,398.94146,248.91472,-778.57704,425.55717,241.22289,-386.88179,347.1656,251.36333,-829.27788,428.46237,317.94674,-547.1629,410.99224,320.51642,-681.51306,343.72246,394.94259,61.57502,267.41632,418.46406,-828.24005,461.18706,536.98723,411.6819,346.25107,561.92207,-624.60064,491.49429,471.95766,440.56854,363.62858,472.15399,-36.02762,498.26336,457.1652,446.80031,383.56403,451.85205,-21.9743,497.1492,430.56004,407.30503,363.78368,432.08968,-49.45958,486.78787,436.90235,416.90418,357.45792,441.82514,-35.7005,352.59052,996.37093,271.4039,298.02433,1034.57817,-268.44625,427.42733,925.30363,395.6926,448.43498,937.66788,-107.3088,439.1053,1229.60644,1044.73373,405.82645,1242.6376,534.36035,406.93306,1297.11708,1090.53551,337.18601,1309.44523,590.11951,534.90803,1263.13099,938.42178,552.68322,1262.48772,450.37178
457.82253,293.47547,-601.98383,455.91576,248.39559,-581.73164,461.46233,245.74202,-581.33202,467.08401,243.10853,-580.71087,431.29211,245.65189,-681.69708,417.23755,244.73702,-681.66435,403.05534,248.9633,-681.43585,436.34464,240.67529,-290.16272,348.81481,250.44863,-747.55028,436.14063,318.5741,-456.67629,412.6009,320.58231,-589.63551,408.54107,394.90625,138.20196,258.38474,416.09236,-770.99068,481.42418,540.05659,470.01637,323.33111,540.86786,-677.50778,497.31918,453.53276,494.90814,340.65823,456.00657,-167.02785,499.0247,435.74063,507.99248,357.97173,440.21567,-139.25756,498.6335,407.58144,483.162,341.0207,423.08298,-71.83324,490.25524,413.91403,478.08956,336.68854,431.45677,-141.97706,378.15174,999.41391,267.75869,300.79731,1040.728,-264.78195,446.64238,810.06392,368.93665,464.40285,863.75942,-146.16872,433.90575,1043.88599,956.7041,396.57658,1051.21468,468.29544,389.34441,1106.80355,996.7131,330.53291,1103.47824,535.18932,521.63239,1048.09914,849.06273,536.838,1025.66025,396.04111
458.04634,284.98077,-761.38901,449.94217,225.7556,-744.65942,455.52387,223.08021,-744.38675,461.24512,220.41046,-743.89145,422.91092,221.00368,-836.05698,412.21107,222.87553,-835.93323,394.45847,222.93669,-835.58716,429.48677,225.60828,-476.77486,344.01543,235.6211,-890.5954,445.70282,318.4514,-627.25353,422.51053,320.40979,-748.54843,403.29838,393.46727,-53.96804,261.32626,441.14862,-891.62277,474.46358,530.72062,322.89944,401.19633,560.53425,-842.72812,514.33708,454.317,421.45531,482.66827,466.76345,-461.14971,523.34923,435.7503,399.25667,520.77293,444.62028,-493.90099,534.91844,412.25126,458.22083,492.30213,420.68227,-487.47486,527.24304,420.59555,425.59387,479.188,430.27576,-457.44724,370.03487,998.65837,253.61212,296.31245,1044.18652,-250.65975,444.24324,852.579,387.65823,454.40937,890.00799,-76.9377,433.86681,1120.46299,1054.44046,412.42538,1135.87074,590.51735,391.9722,1187.42775,1103.47549,346.28143,1198.0933,652.56195,520.69714,1127.77199,971.15585,562.09881,1125.33497,542.82715
458.44612,281.56674,-338.7022,449.65248,226.65208,-358.41122,452.20036,224.10142,-357.98615,456.20872,221.55885,-357.29225,436.10268,223.04435,-444.64985,428.43163,224.63489,-444.55887,419.39987,224.90182,-444.36478,425.68069,225.55399,-262.27905,374.72672,235.80876,-658.77861,443.96351,310.0048,-262.28022,422.76543,312.84167,-377.23618,360.57587,393.02756,82.17224,322.23434,440.93943,-779.133,454.63306,532.01775,402.81857,430.20115,555.77322,-628.05916,493.96355,437.73291,474.71886,458.35121,451.65813,-20.81137,494.2094,409.73702,479.4838,482.59602,429.92855,-26.1099,507.54478,389.81389,460.38105,463.16055,409.77184,-38.94662,504.73045,400.50905,458.63548,451.99017,420.63898,-16.43541,353.21362,1006.26045,251.33738,322.70134,1049.26758,-248.84678,442.4807,723.3795,352.84904,473.90606,770.68377,-75.85427,411.30959,920.29816,984.13094,409.73839,907.15799,553.61816,363.98354,976.97388,1028.004,343.85777,951.66767,612.14397,487.39204,886.19184,874.03633,541.47797,848.83644,542.15412
522.96528,280.76709,-493.79345,517.83264,227.3589,-458.65265,520.84198,224.68276,-457.16053,524.25629,221.87485,-455.75623,499.60293,224.5544,-603.91304,487.93922,225.72976,-604.08466,476.47671,225.5275,-603.90423,488.00644,225.55939,-308.65683,421.21349,230.15509,-759.64645,481.16714,310.07681,-323.52715,476.57951,312.89598,-529.56982,457.81357,393.14438,59.41629,313.13107,414.26428,-801.65726,495.31456,532.16475,374.03145,396.171,515.12798,-768.36166,490.21526,426.1227,418.17299,416.18828,437.55109,-312.6325,477.20848,399.66805,423.85597,437.25014,425.56229,-319.20013,487.07184,377.87278,407.68684,420.20237,407.88374,-336.04382,486.61705,387.18327,404.11839,411.99146,415.79447,-307.75534,410.14557,1007.81662,239.35627,333.18478,1045.10376,-237.56355,462.22206,726.04895,308.90514,473.11607,764.14667,-110.71303,410.8807,940.74984,926.72028,403.61458,931.40591,535.10914,365.05714,999.83128,967.48093,338.80489,980.42301,586.18713,478.35705,922.83571,824.97986,530.6892,890.15568,480.41813
517.29565,277.39108,-902.46613,513.29735,223.03615,-868.99948,519.83437,220.89648,-868.54538,526.75606,218.72613,-868.06755,485.96581,220.98596,-976.36963,471.13525,220.47412,-976.44386,456.28899,218.96623,-976.31889,489.24416,216.65959,-514.69566,397.79236,216.15754,-987.17003,479.64455,310.3472,-727.64923,462.78046,312.92009,-872.33994,466.08299,392.58196,-37.62847,230.0589,414.16348,-930.04562,572.31831,554.07938,283.18165,317.13968,568.32304,-947.33505,562.71107,438.82716,224.29987,405.71014,438.7383,-661.14395,552.04266,414.17925,235.17872,422.32639,435.99893,-678.07167,561.44073,387.30226,226.66079,417.7351,421.41646,-680.10254,555.67486,396.28404,213.1156,410.68855,428.87014,-656.25336,412.21386,1005.7576,252.32807,321.31962,1042.01797,-249.94129,461.60484,791.88486,430.0193,474.41616,825.26361,-108.91848,418.16181,1032.57614,1131.16554,410.57663,1022.09347,641.59203,374.16977,1091.95667,1181.06773,343.1237,1067.67849,710.57976,491.50372,995.20432,1025.0045,536.21429,913.86326,592.97089
513.62511,276.37728,-1091.1821,513.27629,220.92982,-1058.87497,523.23895,219.10478,-1058.5643,533.6446,217.30824,-1058.21068,478.78151,219.31772,-1145.79269,462.07222,218.11156,-1145.9259,445.48668,216.19117,-1145.94894,502.89127,214.08586,-667.3024,386.84589,212.50759,-1064.88831,475.77717,310.52052,-910.01999,454.33998,312.08104,-1026.73912,483.52444,392.55681,-186.85907,207.43513,413.85607,-933.64288,610.08533,572.93324,84.12211,265.06247,593.70872,-993.39165,583.01258,445.65434,-14.10841,362.53712,443.47366,-877.03598,570.56221,422.32661,-14.7353,394.50771,444.50315,-900.50323,578.02643,392.57269,-14.99828,375.49629,427.03566,-903.2888,571.78978,401.42361,-19.91304,369.72816,434.20861,-875.93163,433.43529,1003.89301,248.24677,318.66419,1040.13485,-245.72639,460.28584,912.51783,407.58728,467.43385,877.84613,-63.39674,441.9487,1223.2917,1097.67418,410.33474,1222.85271,670.43831,416.92333,1289.61136,1147.89452,347.2097,1289.54041,735.44441,506.42071,1275.69923,975.11337,530.62508,1270.38803,589.83192
517.30907,278.06828,-798.17535,517.12105,223.19491,-757.05467,526.53973,221.87161,-757.31888,536.1628,220.65263,-757.136,483.36945,220.74659,-843.07816,466.49632,218.75154,-843.25089,449.79584,216.6469,-843.90823,506.05694,215.27255,-386.8829,389.91142,214.36525,-775.29778,486.82076,319.36646,-622.54738,456.28075,316.16063,-736.37833,477.1312,392.27474,56.86479,209.53192,411.66819,-744.25415,604.61334,589.5191,183.78595,274.24994,600.0424,-868.53668,583.16181,448.05831,115.07154,361.12843,449.39775,-687.30362,569.84692,426.90176,114.34897,390.8625,445.88865,-708.26164,576.28315,397.86478,71.99569,372.35161,402.10957,-712.92587,571.61125,406.57345,96.83819,367.20531,437.89739,-687.46391,443.85063,1007.04391,265.71604,316.59313,1038.85815,-263.00669,467.23442,1119.268,383.9624,453.32718,1052.27783,-140.57112,472.51106,1507.54601,997.35977,406.15139,1525.57411,458.68073,452.38781,1576.41701,1032.81509,346.17023,1615.12997,504.3013,531.79249,1612.18037,822.45438,517.18597,1614.99035,313.01754
480.19352,281.45313,-1115.7048,483.44566,226.33628,-1100.96397,497.70069,224.74465,-1101.22787,512.62123,223.33008,-1101.34628,439.221,224.85528,-1173.6129,418.95824,222.69223,-1173.98499,399.75975,220.35243,-1174.54979,494.90089,216.09069,-743.11874,337.36122,215.82551,-1070.3495,484.98142,323.16027,-946.21834,442.27615,317.74564,-1043.61145,478.34351,392.49561,-312.51215,166.59891,411.49959,-832.67532,601.64284,604.29016,-132.68667,214.03904,633.86793,-946.00006,592.13245,468.8994,-253.39972,323.70953,470.00113,-993.38402,590.53322,442.62826,-265.22919,356.12392,450.36538,-1021.81435,590.95501,403.27334,-266.52348,336.5556,403.26739,-1009.81148,581.48792,415.53228,-259.89233,335.02659,439.58968,-989.69513,449.12338,1006.46816,176.16255,249.42802,1035.32856,-173.59407,464.81449,1412.94125,362.01698,302.332,1397.86297,-2.21601,466.55197,1826.06667,876.28204,296.74618,1866.41705,409.88884,442.5869,1890.36037,908.60306,258.2247,1950.30006,434.03023,520.19238,1952.8022,568.33763,404.55528,1961.22299,44.10481
480.56767,283.54357,-976.00845,483.33241,231.9412,-963.04192,495.57384,230.80371,-963.69682,508.26477,229.84573,-963.98392,443.66913,230.065,-1045.6041,424.91028,227.56358,-1045.97595,407.48085,224.76627,-1046.45531,486.74538,223.14278,-650.15625,350.5212,218.51529,-1004.58557,482.79179,324.8261,-832.5209,443.11073,318.09254,-936.80496,475.21111,393.35898,-200.82113,198.59585,406.82496,-813.95706,588.76911,599.63694,42.59144,234.90595,587.52897,-755.13702,554.51385,457.7459,-43.56938,320.87811,463.24677,-445.88001,533.81645,423.13082,-51.92947,347.50877,445.45498,-444.92329,543.60039,389.95013,-110.83301,329.00791,410.68605,-473.39111,539.16309,402.34303,-71.72765,325.45105,433.6938,-449.823,442.07397,1010.73795,171.64938,263.14539,1036.17405,-169.0029,463.75584,987.98641,223.34545,389.68708,988.17547,-11.57348,455.60982,1243.99223,812.00027,323.91178,1233.28503,440.71671,432.62581,1305.52597,850.91873,279.95525,1294.76601,479.23302,489.65935,1259.50848,641.74049,431.47835,1229.44771,317.37295
460.86582,283.80698,-1081.76712,463.14964,231.97028,-1061.41579,475.39295,230.824,-1061.40976,488.11802,229.84171,-1061.30272,424.06807,230.5417,-1142.06322,405.70896,228.25192,-1142.24319,388.33183,225.66005,-1142.43553,470.10521,223.19824,-713.49113,332.50725,219.56213,-1078.21815,472.17461,325.04248,-914.84039,431.16196,319.04208,-1021.98051,474.79633,393.34353,-233.97472,202.95736,406.92289,-899.47464,577.43458,597.21491,34.80196,241.72253,593.24232,-750.68588,559.68689,466.85732,-61.0477,331.03111,463.7275,-379.66503,551.88141,431.91519,-68.05537,362.53986,449.10808,-369.50775,563.37921,395.98163,-93.53993,338.65196,413.15492,-386.36879,554.81689,409.75459,-78.44443,332.84397,435.9932,-377.42928,431.00872,1010.27149,178.34734,265.99054,1036.20415,-175.69044,449.72874,1091.97121,250.30689,395.83496,1067.60799,-1.44785,453.2843,1452.87334,879.22646,325.76912,1472.4773,556.06518,433.00293,1523.95729,929.11201,295.21036,1551.1758,600.67627,489.42852,1517.14279,743.43216,444.08958,1542.42714,407.50519
446.90712,283.84309,-1058.17711,451.75522,232.10592,-1039.94308,464.57077,230.90578,-1039.81628,477.86983,229.88389,-1039.64401,411.96892,231.13961,-1107.51648,394.09004,229.07893,-1107.67311,376.83754,226.72042,-1107.91222,467.74754,223.50828,-698.62511,326.72882,221.42817,-1012.46933,463.80138,324.98789,-893.19328,421.68427,319.04265,-984.03847,474.66911,393.79174,-245.73053,191.32784,407.03462,-868.22319,574.77287,600.54668,-3.89109,246.40608,593.19489,-657.81723,559.1407,467.05982,-90.37765,324.38374,466.91033,-331.46694,550.0473,433.40747,-97.56353,354.29401,451.35301,-319.35192,563.22132,398.66635,-107.07548,330.14221,415.15809,-345.39055,554.44405,411.48966,-99.65395,324.52034,437.6784,-333.59776,429.36375,1009.82952,157.15625,267.8602,1035.52654,-154.5903,449.7546,1074.88358,220.60558,399.33666,1053.24841,2.37931,452.42615,1413.06667,835.56648,334.06002,1423.17329,557.47475,437.31312,1481.15341,879.61105,311.37676,1496.41869,603.07415,488.05916,1470.61581,683.23227,448.28728,1478.9756,415.48695
443.15121,280.42171,-1023.96881,439.76494,230.03331,-989.47769,446.58653,228.03381,-989.41422,453.27583,226.098,-989.5163,411.07067,231.17163,-1057.52426,395.67406,229.11963,-1057.62955,380.07626,227.46107,-1058.09494,426.70685,222.13051,-659.22562,329.01829,228.13847,-1015.81299,433.55804,315.46926,-833.42094,419.93999,318.86395,-929.47708,403.61004,392.07378,-210.0868,249.2798,424.18771,-898.61427,505.64415,590.00273,48.90449,347.9771,601.3611,-621.59557,555.23201,474.52775,39.39664,394.99825,468.98852,-60.85377,549.98077,443.18667,34.44509,425.48904,450.8408,-48.56525,563.60188,412.15931,-45.0085,395.49461,418.29718,-74.08357,554.65443,424.89232,5.35985,386.87157,438.15425,-59.45264,381.36566,1011.47026,165.17866,277.88891,1039.85779,-162.56145,419.41395,1030.23445,255.31612,415.51479,1005.06042,31.71606,442.11754,1364.35524,1002.39334,373.50826,1369.8008,678.18161,433.19244,1441.4193,1057.27867,336.08402,1446.46774,731.74446,488.18287,1375.9481,901.20216,492.61784,1401.50951,583.14045
427.53429,282.88939,-1030.66849,430.69408,233.15167,-1019.67056,438.93017,231.04071,-1019.29497,447.16049,229.01556,-1019.02107,400.18612,234.58198,-1077.94472,385.26741,232.72913,-1077.93655,370.43762,231.08733,-1077.7977,428.14846,224.1167,-718.59665,324.57138,229.79156,-999.3103,420.28999,315.57469,-871.3726,387.05585,318.06396,-952.3391,414.75239,391.25962,-343.23635,247.34674,422.31234,-792.43217,547.80151,586.06092,-96.27836,342.13402,580.37745,-618.61187,556.16802,455.06959,-119.43975,384.7187,456.94342,-235.23396,549.86988,413.09197,-123.82698,413.19374,433.12695,-221.49422,562.87151,386.39528,-152.80993,386.41914,410.76033,-251.54661,554.19422,401.57756,-133.04464,378.8356,424.7531,-235.36606,385.45975,1011.07944,49.25005,278.0369,1038.25024,-46.3597,425.11253,804.05371,122.98716,413.58273,825.69105,127.81967,406.55918,990.94894,864.58847,371.53191,973.64193,751.88606,383.40485,1043.26355,921.62796,335.5431,1013.44322,809.91341,426.96541,970.81261,720.50209,428.3947,949.27437,670.77484
420.85487,284.64011,-997.1167,425.63511,235.18935,-992.15286,433.9352,233.00706,-991.76384,442.31838,230.92136,-991.41914,396.00292,236.80954,-1050.66147,381.82884,235.10997,-1050.64514,367.78534,233.51606,-1050.46265,427.29282,225.40689,-713.32237,324.28402,231.02335,-984.86877,414.57787,315.675,-848.00934,376.56708,317.46577,-929.0313,422.40211,390.63975,-346.35136,244.73389,421.25785,-754.4101,554.19502,581.45651,-95.21195,330.11063,572.27549,-594.07429,556.08215,448.32524,-107.9901,379.6376,453.4679,-281.68308,548.60039,405.11315,-111.23468,407.96257,427.56984,-284.35619,561.54438,379.36895,-135.46751,383.38856,408.17101,-301.29391,553.7635,394.70015,-120.13993,376.95194,420.20494,-281.59901,388.25172,1010.71873,30.79129,279.91602,1037.19074,-27.79404,426.95988,792.86825,97.32431,412.31098,810.52734,145.7622,398.32657,983.31688,832.17484,371.46389,966.00391,761.12762,373.20995,1035.60196,887.41875,336.38412,1008.08945,818.11035,417.20699,965.43663,682.49969,416.33305,941.84755,680.04036
419.49863,285.21689,-974.82857,423.86795,235.81681,-970.42915,431.86005,233.56102,-970.05836,439.9662,231.40813,-969.69284,395.26611,237.7153,-1031.95724,381.51451,236.19628,-1031.95335,367.87815,234.73711,-1031.80519,425.821,225.69423,-700.56549,324.84024,231.87876,-977.26326,412.29225,315.75368,-828.54111,373.3548,317.10059,-913.62549,427.40307,389.9899,-330.29655,245.1173,421.0449,-751.61011,554.56982,576.72129,-72.36846,329.09519,568.53498,-593.05511,555.96058,445.15966,-82.73047,384.10755,451.5239,-277.63454,548.05187,402.44934,-85.64076,413.10127,424.91701,-284.9498,561.31676,376.9628,-110.99389,389.75807,406.25241,-297.95599,553.5194,392.06188,-95.90673,383.65623,417.39392,-277.15816,389.51717,1010.43617,34.46662,282.30738,1036.68125,-31.4205,427.8513,795.12365,99.8021,411.89445,810.16954,144.50449,396.7794,991.08822,833.75984,371.69052,975.06168,760.57709,371.45313,1044.05045,888.07999,337.54677,1019.32468,817.13982,417.98416,974.30763,684.75471,417.07489,951.21111,678.99231
422.96886,272.82955,-420.68855,421.19667,222.12041,-456.33018,423.53661,219.66552,-456.05553,425.02247,217.28733,-455.49339,396.80901,226.21246,-529.88792,389.7686,226.14608,-529.90639,383.66268,225.98516,-529.86286,394.95979,217.01231,-405.44392,348.67645,229.64231,-734.36508,410.7386,308.50004,-358.19962,386.86226,311.01096,-455.24757,308.19092,396.10425,-38.92497,319.93534,427.05651,-736.40579,469.38881,578.45346,313.39285,412.239,605.50198,-427.07672,519.51225,460.89329,405.87818,421.55724,464.68466,271.73788,518.17711,424.70953,415.91129,447.75345,431.53164,294.5192,536.24725,400.32017,386.45504,417.90157,410.4566,259.95249,531.10207,414.14938,387.35748,407.74418,424.28098,269.75739,348.7587,1024.83868,135.82533,310.50537,1055.30708,-132.28345,414.7723,843.31352,239.76723,453.78181,852.79684,139.57692,402.39906,1051.88404,989.60037,410.32433,1023.6327,729.31412,383.35289,1149.69933,1043.42712,359.37454,1126.70048,786.48499,456.86729,1038.62263,900.07629,509.20189,999.77165,683.89732
419.79973,273.22703,-263.15466,404.13906,209.25974,-316.08755,401.16268,208.7773,-315.77005,399.91867,208.61751,-315.19339,398.51231,223.00032,-390.34237,390.2792,222.67392,-390.3009,390.26566,222.8067,-390.16937,365.74917,216.6244,-346.23062,349.01436,224.74311,-678.81081,410.03056,308.7761,-229.67024,394.30241,311.10563,-327.24297,242.63674,399.5947,-9.6617,344.20341,441.54908,-748.15353,401.3776,559.59131,395.50053,493.46199,624.11528,-497.62489,501.7495,460.92845,572.88002,555.64636,430.18888,112.3027,512.19414,426.46723,590.85022,603.50304,432.76245,112.66838,532.15137,405.49767,546.08562,544.64825,388.19421,82.45628,526.85413,417.78757,550.26527,521.13472,392.72052,108.60643,298.8353,1026.95469,186.14574,319.49512,1070.31624,-182.71275,391.28807,818.28003,246.86062,464.17091,849.50678,16.8446,391.77666,1077.26246,963.02536,419.00154,1066.97147,652.01889,368.12477,1152.85732,1014.69765,360.18776,1133.4866,712.9541,456.9685,1057.55756,864.32289,539.33739,1046.07365,639.77234
427.33658,273.58297,-597.82887,408.53382,209.95129,-629.18285,407.60628,208.33863,-628.62762,407.38407,206.61963,-627.76581,399.45213,223.38243,-742.52678,391.40064,223.06934,-742.32285,392.09919,223.18153,-741.49956,377.62218,213.05459,-557.74456,346.44768,225.53174,-972.05063,418.7862,312.32409,-544.97082,406.36646,315.63395,-681.76498,267.98147,400.59926,-176.4175,320.31975,476.71589,-989.38354,393.0233,513.20698,271.401,473.40908,628.73783,-842.65434,507.15523,460.67473,405.99556,573.51967,431.95444,-343.84872,516.81183,431.72882,422.00756,621.49151,427.58732,-382.82509,539.75616,419.8851,347.72942,562.2298,372.24203,-390.35999,531.45985,429.72948,372.89055,554.20227,387.94664,-342.52781,301.18128,1020.0515,223.02483,314.54611,1067.70779,-220.18276,380.12409,787.56466,394.33418,462.36774,820.3957,-0.16139,385.99415,1024.5013,1138.82889,418.43697,1021.40327,679.72565,358.51524,1089.6825,1196.93748,357.96104,1074.26548,747.37663,463.23509,998.63846,1087.06825,556.90147,994.45736,688.79013
432.48096,280.63093,-581.46606,409.44347,213.16288,-577.77752,411.48701,210.85623,-577.52586,412.45022,207.56387,-576.92711,400.50758,223.71862,-681.17569,391.55365,223.41117,-680.99869,393.59535,223.48223,-680.54077,368.88599,213.26793,-374.07326,346.22566,225.5896,-839.60953,427.61372,320.59324,-472.43713,410.58109,321.82654,-607.21874,303.14764,400.70054,43.23249,308.3456,476.2478,-921.3903,417.51556,516.34043,429.07616,471.28105,619.4018,-847.97119,508.17402,464.17325,480.93365,542.69184,434.10201,-373.33843,526.90258,446.4057,483.14144,581.42597,429.25452,-422.55016,544.71046,431.22634,405.95528,544.47968,374.32483,-432.45605,536.40167,439.045,441.75289,530.48988,390.94234,-375.15614,307.82721,1038.56541,291.86581,312.52909,1098.16441,-288.98294,388.32848,790.0276,478.88176,487.39861,825.43568,-114.94696,385.99667,1009.76315,1188.90671,419.05556,1000.52296,622.61208,349.2561,1075.2602,1239.57779,351.89888,1051.65138,697.52518,475.00973,973.27343,1123.39821,569.70997,949.44878,654.23645
432.80308,284.9895,-399.64352,411.14574,217.35138,-407.43275,410.93464,215.18425,-407.18452,415.52616,221.96544,-406.64604,396.29364,224.10926,-503.73238,390.72018,223.67546,-503.58959,392.84863,223.78153,-503.32134,375.14423,222.64993,-252.98618,346.05675,241.58927,-686.60606,427.86919,325.6277,-301.34439,410.18391,327.16384,-427.89284,274.82815,398.78737,130.582,314.9715,469.76526,-810.22301,412.65076,515.05669,496.48121,483.90556,593.27803,-838.88931,510.33848,459.69252,559.88056,556.93096,438.66763,-249.1588,527.43603,443.23525,561.50887,595.79266,424.89487,-305.43222,544.37309,429.44575,495.33108,566.17126,380.56071,-325.4287,536.29738,436.14839,524.63848,548.83759,395.92089,-252.92347,312.19824,1036.74706,262.99494,316.9483,1090.028,-260.05848,392.99889,793.51576,357.92747,483.42854,831.21094,-120.13261,386.87489,1027.99141,957.78397,424.54292,1016.20079,487.37038,352.95841,1093.82,996.39175,356.40411,1067.88425,542.99782,475.9901,995.10956,869.81018,560.00782,972.59914,477.262
441.54377,289.95083,-646.84334,427.83993,234.21475,-622.32014,431.13029,231.35445,-621.92268,435.55275,233.15353,-621.44367,408.37318,240.01662,-725.7766,398.16612,240.03808,-725.64171,394.5055,240.12508,-725.25398,400.04452,228.29408,-351.46839,345.98579,246.71943,-762.48505,428.14693,329.38291,-481.72707,422.39292,331.19505,-623.59306,385.92033,395.08224,25.66111,288.89194,460.0145,-831.48209,494.42406,496.48447,374.21696,424.03027,532.70794,-841.00151,534.22523,426.13346,470.7,493.92227,431.17407,-447.43584,541.32622,409.23203,419.99855,521.37646,417.35607,-490.59792,547.82768,392.03256,347.30873,516.71955,384.30588,-509.27895,540.82329,398.31187,420.48195,504.81285,397.66637,-450.77568,361.84982,1035.63423,243.77581,315.20771,1087.22832,-240.72605,454.65218,755.12638,300.90199,492.99248,803.91981,-109.60615,404.77791,960.47447,924.81087,421.96693,949.57174,511.84299,359.30199,1018.6544,967.79831,356.14189,993.66726,570.83233,481.10031,931.71455,812.27142,558.666,899.28703,481.11191
438.38142,291.4161,-216.51258,417.686,248.25457,-223.09132,417.91969,245.04639,-222.76648,417.74506,244.06154,-222.26278,404.9926,254.07927,-319.41339,395.66898,254.43506,-319.23828,390.91911,254.68134,-319.02729,377.94781,236.821,-88.9044,343.54053,256.96964,-518.20892,411.42056,329.21396,-125.27411,415.03838,330.80157,-253.00018,336.60278,395.07188,228.34728,290.49576,453.35529,-651.74995,436.1084,498.5309,521.06232,421.29917,517.08143,-770.17166,500.34069,419.6216,529.42207,470.32692,408.28895,-367.48047,508.42892,399.31912,517.84447,486.48708,386.66943,-396.97338,513.12397,382.73306,461.88885,484.63753,369.89224,-414.12014,509.29443,389.82785,495.88936,475.68184,382.40936,-369.90211,336.30959,1034.96281,234.7897,314.1073,1085.91831,-231.97147,450.37525,722.12271,239.31046,487.66129,750.18688,-136.46179,400.53383,883.13192,845.46692,421.79993,858.15096,428.22857,354.63451,932.1793,884.39636,355.23815,898.81817,481.87721,464.13521,837.17754,730.73799,533.82179,787.47929,414.85619
437.78233,295.26352,-423.84533,394.71058,247.52418,-426.15295,390.57117,244.24241,-425.82756,387.49962,242.74655,-425.31578,398.50765,257.77694,-520.34527,393.05222,256.61445,-520.2533,390.07812,255.68785,-520.03674,377.27211,242.61254,-240.38761,326.50322,255.34535,-661.18767,413.34522,330.93101,-313.71658,412.24026,332.36057,-439.06944,338.01556,393.89348,131.25198,276.8005,452.71153,-656.22849,439.72206,501.37407,435.20317,375.3809,515.25518,-804.25835,492.44122,423.16624,440.25841,396.53618,414.29529,-388.07941,496.69579,402.74909,436.1026,410.78594,393.79592,-419.73675,500.3104,384.96829,384.7253,402.13219,372.90339,-432.95231,496.41609,392.35937,411.29318,393.85326,386.1305,-387.69691,335.94536,1033.98033,235.85518,310.24836,1082.46872,-233.24423,446.94664,735.9197,285.89115,485.98679,761.11662,-111.70538,400.49057,916.39378,923.7265,419.29974,892.38573,485.64911,357.0414,971.05465,964.51927,346.9429,937.34831,539.54681,464.02267,878.7826,839.28864,524.95556,829.73511,451.60183
441.69662,296.17541,-333.61076,414.05167,248.85381,-313.09942,413.27946,245.79283,-312.87983,411.87355,243.92103,-312.39429,408.37437,256.93668,-415.87788,399.5438,255.99807,-415.78587,392.94548,255.20216,-415.62641,383.17085,241.90501,-69.34106,331.03867,254.78113,-535.38849,416.09676,332.36918,-208.64258,420.92155,333.79166,-345.22484,353.49014,397.39274,309.08859,274.44418,446.3851,-644.76212,441.61469,508.15195,560.31456,367.36938,522.87008,-786.27937,496.54972,425.48261,505.83065,395.91087,417.62933,-483.4573,501.13762,404.00359,497.0266,412.60281,394.24756,-528.94905,506.27144,386.31543,454.3996,403.3292,380.30826,-535.13206,501.7078,394.12683,478.05931,394.51714,391.52112,-483.24402,346.15883,1036.26789,256.07449,310.16764,1080.91747,-253.35323,450.49065,751.60126,284.37901,494.01962,762.58593,-209.27162,409.48463,981.11446,861.44264,420.7095,986.40884,348.02486,364.49596,1051.93428,895.37247,347.00657,1048.03562,399.31602,487.09038,962.41825,768.03246,536.34888,945.41021,327.73354
444.06155,296.48961,-332.12833,423.19847,249.06149,-311.66571,423.6581,246.07487,-311.44852,423.08197,243.97794,-310.94158,413.30536,256.17697,-414.66282,402.99362,255.3915,-414.57668,394.54338,254.70883,-414.42558,385.88039,241.26975,-68.34383,333.32642,254.38196,-535.19012,418.59997,333.43935,-206.84978,425.66048,334.93861,-343.70026,360.44773,399.08933,307.26278,272.43137,444.13319,-649.8864,443.98323,513.86021,545.53661,364.10004,527.92608,-774.43901,498.45383,426.96768,479.35127,396.70921,418.39445,-460.66597,503.07209,405.20579,467.7935,415.14854,396.1908,-502.94083,509.52911,387.3898,427.64854,405.48515,386.17865,-511.07296,504.81007,395.35297,452.18281,396.29726,396.63065,-460.95337,352.07119,1038.77735,258.23727,310.07717,1081.97971,-255.44773,449.67857,760.25591,284.23923,494.23481,779.07114,-205.41454,414.3478,1017.17949,862.58583,421.45172,1029.7253,369.16122,369.78783,1091.8578,897.71935,347.1804,1094.14547,422.22256,496.36456,1001.42933,765.20592,542.39471,990.0333,345.83992
444.08173,296.55868,-387.15248,427.56485,243.31944,-369.95773,428.2288,239.75528,-369.77608,427.81464,236.76251,-369.30717,416.101,251.13107,-476.37592,404.93668,251.50878,-476.25408,395.35423,251.76759,-476.06583,386.69498,233.29092,-138.54979,333.39954,253.96643,-608.49964,424.66881,332.63592,-266.13592,433.00945,334.82337,-405.48939,359.68765,394.25938,255.91885,270.61066,443.87481,-724.05685,444.13818,514.49289,530.65228,366.53652,533.59308,-781.94885,509.72786,412.05723,460.532,402.69291,432.52238,-394.3824,507.78557,408.44602,452.1682,423.50075,413.73224,-433.9262,514.12834,389.92304,402.3962,409.52454,397.17793,-431.52416,507.16866,397.12913,429.118,398.96061,406.2299,-388.00007,350.33527,1037.03178,297.01725,308.29311,1082.69497,-294.12357,448.0682,766.95248,372.61135,494.44237,795.45736,-221.95578,414.2717,1009.51092,980.94368,422.3917,1020.07736,393.17493,367.9705,1078.52417,1017.65236,347.08511,1075.49904,451.09013,502.17503,992.295,894.93851,556.31756,977.91859,373.36727
436.46248,291.31597,-536.56841,402.26826,235.52075,-513.72711,397.9435,231.5614,-514.47693,393.1176,227.52876,-514.71058,397.67353,240.33013,-619.53541,387.66743,238.93548,-619.5216,371.04538,237.14224,-619.96277,330.55946,227.60207,-258.45633,306.0973,243.77604,-734.26125,419.76524,326.48529,-417.48405,417.93396,330.16188,-555.80414,356.1721,380.8907,111.29091,232.10911,446.08071,-790.06409,430.90477,506.88818,374.80717,349.08195,578.78849,-1064.79385,517.02118,447.31173,307.33932,404.12762,437.46812,-1093.66135,541.98311,443.26735,289.47739,425.16747,413.25637,-1178.90297,542.56123,421.30857,203.7179,412.99599,391.32145,-1171.6864,528.87859,430.18679,257.39521,401.68236,404.32076,-1099.21303,359.7105,1008.86948,289.30115,265.59338,1046.69117,-286.87267,446.49437,1297.43099,131.29099,327.16469,1325.52143,-212.12563,449.12029,1766.2698,512.94884,361.77967,1840.6176,-16.70075,425.46268,1840.40955,526.42029,322.04838,1925.58861,-19.10154,533.13087,1866.04271,220.10098,496.30821,1932.10098,-375.32043
424.28856,288.74817,-699.2128,395.34817,232.60188,-660.83359,394.72393,228.70966,-661.16035,392.13886,224.4189,-661.38153,385.67558,236.23431,-741.17287,369.16431,234.69196,-741.12045,353.15578,232.74087,-741.7675,336.45008,225.1988,-309.56059,279.04383,241.27047,-703.61191,411.08284,322.22486,-549.46312,397.82288,327.4225,-652.43332,426.4677,392.98213,-8.94923,152.42953,444.04412,-602.00447,585.24445,613.82412,-35.98579,89.8506,759.07677,-1015.68222,586.65947,606.02966,-422.54906,173.15742,854.30689,-1214.0918,614.52766,608.43807,-527.05151,178.77119,906.99017,-1316.36902,592.99976,580.54928,-546.68396,195.44815,873.28228,-1392.17331,571.31897,587.72226,-456.03115,196.9026,851.77563,-1259.39415,430.81459,1009.52614,134.11102,206.13625,1045.4385,-129.91053,453.25497,1479.40281,41.61044,234.22295,1510.21534,-204.98598,457.63783,1950.17075,440.95226,256.18092,1981.18217,27.83554,445.79288,2018.51646,451.13327,233.13898,2052.80022,30.95224,527.73186,2073.37898,-28.18771,366.27819,2095.83641,-555.55798
416.6008,287.96868,-734.61876,391.68549,229.11428,-712.12486,391.57475,224.84176,-712.13539,391.07857,220.11137,-712.41043,372.45476,233.2364,-745.71693,350.93689,231.77057,-745.21057,335.71499,230.21479,-745.81192,344.62116,222.36624,-430.36842,270.60055,239.73989,-579.11873,402.26456,319.595,-615.6591,382.92931,325.58587,-653.65944,467.37976,401.35294,-276.51783,131.92469,440.87531,-460.26981,638.17238,692.85685,-234.6899,72.02117,790.94381,-569.86687,672.60849,916.37501,-488.42979,83.98157,1001.16154,-897.24205,718.91495,977.73491,-583.94726,67.73793,1079.19846,-987.28668,685.82855,978.79028,-638.58807,84.77477,1063.62419,-1096.17508,652.28806,961.49723,-530.28664,99.81476,1034.58904,-956.23154,462.52308,1007.45796,-13.75492,191.37762,1030.06554,18.64168,456.68232,1490.09388,-8.16624,201.98036,1511.98414,6.45519,457.56889,1953.2222,557.16255,204.09498,1953.64151,400.00702,452.96989,2020.60387,581.10035,191.57007,2015.12993,421.03565,478.92826,2082.16805,58.67893,260.35778,2083.48137,-163.22212
411.11866,287.98977,-796.61293,391.74355,229.10025,-768.32573,392.1735,224.73792,-768.30399,392.54181,219.86368,-768.54897,371.31695,233.32013,-802.59079,352.19322,231.92863,-801.99875,335.86288,230.43257,-802.56836,349.16206,220.83301,-454.65759,264.68927,239.4661,-599.66164,398.09513,319.464,-665.15205,375.16266,325.60138,-704.84543,484.30439,402.84948,-253.91003,112.8034,437.17732,-482.61742,625.61623,690.50245,-161.39118,46.86788,774.11516,-586.115,654.58221,945.03531,-402.33402,63.31867,985.0074,-967.9274,694.82185,1019.20979,-485.98125,42.92886,1063.43605,-1072.25319,663.94157,1022.01221,-548.7254,67.7337,1049.37962,-1180.0264,633.22823,1001.31718,-445.39623,85.30348,1020.32787,-1028.78235,460.20233,982.74078,-6.6759,173.10308,999.34559,11.01234,455.76756,1451.3467,40.0229,182.37404,1469.61067,-14.92068,453.71914,1906.16821,602.57927,189.69048,1904.72145,387.71328,448.3086,1972.56065,625.36304,181.12888,1966.02882,414.86542,451.19183,2038.1266,98.82546,242.16766,2034.63959,-225.58483
375.21942,278.18069,-812.41859,375.63225,220.2944,-776.91559,380.53505,217.43417,-776.97433,384.87865,214.27437,-777.34085,345.72395,221.7045,-803.27507,326.86543,220.44838,-802.74971,307.54513,219.64075,-803.15384,351.87405,216.95071,-439.60186,243.11169,231.78296,-543.96202,373.64223,312.59809,-673.29941,338.41286,321.23411,-702.06833,480.71468,403.16076,-199.8403,104.07195,436.61985,-386.11225,610.65636,668.7834,-98.36023,28.41733,749.16332,-410.44907,637.40089,906.14262,-385.2737,77.31717,964.13784,-851.17874,675.93369,973.98914,-481.93027,65.39763,1042.58125,-914.59923,646.91063,978.00385,-558.33946,94.28147,1031.13682,-993.5907,618.55232,959.12973,-435.00107,108.90978,1000.45853,-873.86131,459.04167,960.02918,-5.31881,179.56091,980.50072,9.24458,455.22823,1419.91745,31.64992,196.82959,1436.46103,-30.72176,458.09341,1863.56163,569.34864,209.01237,1867.2345,343.4029,458.96507,1929.22234,590.76607,200.63911,1929.87419,359.61437,448.47992,1991.14609,63.37851,259.14867,1993.64182,-275.97326
341.83075,263.59417,-894.1082,352.88731,209.73197,-850.85091,363.65147,207.89751,-850.91446,373.30723,206.08502,-851.16402,309.146,209.6178,-864.80927,288.07322,208.85774,-864.15649,267.60426,208.8756,-864.44321,354.21257,211.22847,-477.72629,219.43127,222.48261,-531.06659,356.25942,300.41988,-745.3743,307.30984,308.67868,-756.38115,485.60608,402.73493,-198.80665,97.0989,436.22506,-359.0612,630.39898,650.10069,-245.93264,14.44698,742.46132,-455.37331,670.38773,795.71514,-780.92804,36.66242,963.56472,-979.48448,713.45413,836.5888,-919.19449,16.04718,1039.30973,-1113.56102,687.90405,829.235,-981.16989,50.42211,1023.82679,-1207.12997,656.73645,820.99485,-834.03313,70.21191,994.60384,-1035.31166,462.8083,943.6639,-16.87432,186.88488,967.66502,21.37587,465.55298,1404.51256,33.0466,216.20083,1431.96556,17.97809,488.66138,1837.10564,598.40721,238.17379,1857.28958,408.34381,496.35307,1900.7135,621.84959,208.51393,1919.35673,427.50103,462.40303,1962.07283,75.00031,303.35331,1982.91939,-203.4573
339.09584,254.39993,-875.74287,349.72038,203.01538,-830.06966,360.54626,201.78301,-830.06516,370.863,200.88497,-830.23766,308.05588,202.55294,-848.06961,287.83642,202.14292,-847.36778,268.34146,202.54752,-847.59827,354.58809,207.83245,-460.78415,219.88747,216.56799,-518.42346,353.66859,292.0473,-730.03479,306.8309,299.6313,-746.21834,483.14163,401.9553,-201.65646,94.1255,434.81295,-358.60966,609.34784,542.13118,-243.37469,10.5602,732.94115,-463.56091,670.35629,780.99781,-743.97804,32.35884,951.06462,-1002.01248,712.74094,822.87603,-883.73825,10.58548,1027.32365,-1145.10498,686.72272,814.32066,-953.20244,48.47641,1012.59281,-1235.5233,656.45294,805.72346,-799.52316,68.16712,982.64774,-1059.75266,458.28358,933.11159,-26.68429,181.45582,955.39129,31.61503,464.49562,1390.01301,8.0108,209.95968,1416.595,77.48508,487.64473,1817.30747,579.4627,242.62627,1831.16043,531.99371,493.778,1879.5734,602.12654,221.47491,1891.15517,559.92573,463.78056,1942.14684,32.37722,296.54913,1956.39221,-151.82071
343.69255,250.8849,-838.31009,352.97527,199.81583,-792.97707,363.09998,198.79894,-792.96173,373.02086,198.30302,-793.18207,313.58784,199.2116,-819.02657,294.21692,198.86102,-818.39493,274.21951,199.58154,-818.65822,355.28202,205.4363,-438.61256,221.68211,213.92072,-515.5381,355.30106,289.45433,-695.77934,312.55808,296.45176,-722.89688,482.17876,401.53278,-184.60819,92.4831,434.00725,-377.25456,602.20612,608.71033,-130.097,20.46806,725.00147,-437.41245,658.73093,868.0711,-470.44762,23.80634,931.88215,-911.35384,694.16306,937.50481,-571.30791,8.76269,1015.93769,-1029.99435,682.84836,941.47694,-641.50497,44.54391,1008.13969,-1115.22781,652.11861,921.49755,-519.80385,65.36763,978.79623,-961.00754,454.48418,920.81995,-18.50078,180.15717,943.6298,22.86168,463.63487,1374.85657,22.31463,205.38841,1399.25686,36.77826,481.70326,1801.20049,599.69368,237.28638,1815.21458,474.49165,483.66554,1864.61002,623.96484,226.39196,1877.61543,507.76829,463.70327,1923.44513,88.61154,288.4693,1934.46121,-175.68233
341.77299,249.77586,-863.17558,351.87431,198.03027,-816.548,362.12185,197.05316,-816.54602,372.42165,196.69746,-816.83876,311.79129,197.82263,-835.34103,291.90754,197.7047,-834.66316,271.63931,198.86682,-834.91646,355.41397,203.9968,-448.03444,221.06243,212.85446,-516.8264,354.3026,288.49614,-717.98424,311.943,295.10221,-736.27457,483.42934,401.47296,-203.97085,93.29127,432.97377,-360.75428,601.73645,629.25716,-165.51155,11.56554,721.22011,-431.12663,649.66827,870.93018,-532.31483,5.27553,919.1894,-921.166,685.31143,939.5834,-642.84019,-10.1309,1009.15066,-1051.47293,668.74672,943.0699,-720.85648,26.8667,1001.00533,-1140.92873,641.24992,923.5738,-585.79796,48.66235,972.93869,-976.17493,452.11411,918.59001,-25.98568,180.44338,940.56393,30.36708,462.89761,1371.28189,0.01678,207.50412,1394.64832,31.84292,479.8682,1793.36472,563.95195,240.47798,1807.09248,450.44071,483.19252,1856.22379,586.55701,230.63553,1868.48705,481.45374,462.77321,1915.47775,37.31735,288.10059,1927.99942,-175.57913
331.90228,239.02635,-831.42288,344.32896,189.60388,-787.31293,356.37794,188.74741,-787.31094,368.18176,188.66045,-787.51259,301.09943,189.87578,-824.24576,280.72247,190.14467,-824.00848,261.59321,191.42409,-824.3251,357.99023,199.27315,-440.81276,219.34326,207.14155,-464.08119,349.26563,280.40849,-692.96501,301.70584,285.58279,-720.3672,488.40378,402.09583,-198.04018,94.72969,430.32031,-325.578,597.35535,648.37669,-188.41976,22.59221,719.34889,-389.81895,647.93175,867.36425,-550.09399,14.6472,914.13099,-900.33791,680.64384,931.79037,-664.86351,2.0964,1003.04821,-1031.09352,664.51408,931.65613,-734.37187,40.27557,992.09221,-1116.59462,634.72801,912.62318,-601.40312,61.97042,963.91972,-953.97316,450.91194,921.55352,-28.96391,175.08144,932.19732,33.51392,452.92873,1363.48606,-12.48511,194.09048,1382.44423,86.31786,469.75143,1777.73438,530.77065,224.04823,1786.39732,522.42321,478.79589,1840.39593,551.17378,222.45798,1847.53773,550.21423,442.52415,1896.72752,1.3738,262.7212,1903.72307,-90.06126
325.53547,232.54147,-816.48552,339.93958,183.99898,-774.31702,353.01792,183.48856,-774.3132,365.51964,183.65165,-774.48425,293.91949,183.48783,-808.90274,273.68856,183.55207,-808.25882,255.03387,184.54217,-808.48831,360.71297,195.85854,-434.41162,218.09263,201.7423,-451.02211,345.70473,275.51871,-683.47031,294.70104,279.36484,-717.34985,490.88329,402.46064,-215.11257,96.79239,426.76772,-320.35069,600.11341,655.22512,-214.81266,27.44915,718.02532,-390.00206,646.53358,859.40512,-554.54388,31.96647,917.11596,-894.14444,683.49892,918.93568,-668.94287,21.55985,1004.57645,-1023.23921,659.67476,917.47902,-731.38535,59.12267,991.28712,-1107.80823,630.85442,900.04646,-602.68341,79.08151,962.46231,-948.02338,449.39247,924.9004,-30.98169,178.84357,942.3333,35.6728,451.73222,1357.63927,-28.22396,194.77772,1376.07468,143.52478,467.92278,1769.59854,491.74961,222.225,1775.87093,621.24462,476.50642,1832.67918,509.91467,221.72983,1836.98009,653.18062,438.08128,1887.71175,-35.97358,260.29398,1892.10732,48.71187
321.60915,228.62131,-808.82446,337.54066,181.30819,-769.36302,351.0059,181.18385,-769.38171,363.89538,181.7076,-769.57336,290.70551,179.73138,-783.23036,270.67902,179.46311,-782.39029,252.31703,180.1452,-782.58369,363.92269,194.43214,-430.79742,218.1591,198.08391,-434.22668,342.75234,272.10832,-676.76544,289.49575,274.53003,-702.57103,490.80753,402.41072,-221.53147,98.88771,423.53082,-303.57138,600.64552,655.10382,-234.63739,30.03227,717.19357,-358.40446,646.81747,843.37675,-586.17805,32.74314,917.86657,-873.17123,686.13792,898.16179,-704.83093,22.24555,989.36028,-1015.50774,658.9122,894.63467,-764.73854,58.05748,991.12129,-1097.74376,630.214,879.10784,-634.01417,79.41186,962.44492,-935.28587,447.73514,914.30237,-33.05648,175.86365,927.57122,37.8041,447.34348,1352.82028,-36.24723,191.17113,1370.05875,141.29583,461.1557,1762.11376,473.27118,217.36286,1767.10716,609.08428,471.26244,1824.95842,490.97385,217.70073,1827.84313,640.1313,429.91947,1878.7056,-48.25714,254.18253,1881.75842,47.703
321.4193,227.17036,-741.25854,337.8709,180.25589,-699.16008,351.30157,180.14899,-699.11942,364.18072,180.71747,-699.00574,290.74081,178.73576,-701.56281,270.44849,178.46164,-700.70084,252.141,179.08806,-700.88463,366.75205,193.53956,-375.50926,218.67197,196.81442,-366.65092,342.24327,270.30982,-619.24145,288.56487,272.66144,-618.92498,490.26711,402.0734,-197.28527,101.59088,420.68004,-222.11765,615.81268,650.66711,-405.58254,37.73535,717.12404,-308.98447,647.7726,638.92914,-969.72313,35.71444,920.41386,-811.82823,685.14671,629.98146,-1110.28427,31.63649,1006.89491,-918.3403,660.00351,604.73585,-1102.61375,64.56481,995.63244,-1004.03732,631.39458,614.10793,-996.58981,84.99034,967.21355,-868.11142,446.61724,919.07759,-45.92548,177.38604,925.39982,50.97816,446.97289,1357.1069,-67.68608,194.43689,1371.42654,218.67138,458.76125,1762.98729,398.93349,219.17109,1765.0684,709.73328,468.94947,1824.63284,413.54141,218.3939,1824.45957,745.67863,427.95143,1882.06947,-125.12222,257.92944,1883.92902,167.76949
320.09743,227.4315,-723.25302,337.58839,180.67421,-678.65639,351.26492,180.53414,-678.68103,364.28249,181.10284,-678.64662,289.2485,179.38435,-684.17542,269.24942,179.16793,-683.45322,251.27186,179.73238,-683.71048,369.57458,193.78565,-354.66961,218.72929,196.70822,-361.98402,341.97849,270.01851,-601.31462,287.88303,272.699,-602.37713,489.8521,402.02854,-168.00943,102.98958,420.85793,-232.71202,619.40868,648.42121,-316.46454,42.23006,717.1689,-299.62872,653.89381,655.73032,-805.215,42.09361,935.02373,-758.71971,690.62233,662.24401,-931.26144,37.68209,1014.64497,-860.85655,668.71933,639.40533,-947.1756,67.81293,999.77028,-945.53848,640.60516,643.02206,-838.92113,86.8281,971.0218,-810.55092,455.2906,916.9907,-46.74476,184.73953,927.63937,51.49681,460.63744,1356.2336,-82.95852,203.51536,1373.17326,182.19204,474.84688,1762.58537,386.49605,237.60305,1766.01997,637.03175,482.67754,1823.69534,401.0638,239.14755,1824.24236,668.75839,446.66962,1881.13884,-130.25126,270.73053,1886.51299,96.81982
321.36986,227.93485,-657.83768,336.48483,180.99585,-616.68804,350.11944,180.75007,-616.6275,362.845,181.13052,-616.53145,288.10688,180.12591,-625.24181,268.39249,180.11141,-624.56726,250.5999,180.8332,-624.78992,368.95847,193.50752,-317.9891,217.20461,197.56318,-337.50862,342.58911,270.02412,-544.88544,290.08337,273.88415,-549.47613,488.4972,402.12278,-131.52185,102.6037,423.77481,-238.16259,618.36262,649.34624,-272.93049,43.72958,727.52953,-334.79599,651.89957,657.42216,-713.28316,48.04982,932.69526,-777.60612,688.50639,659.60243,-827.67601,38.50456,1024.95987,-876.97502,666.27678,636.80214,-846.58249,68.29938,1009.57844,-955.6691,638.53771,641.79405,-745.1236,88.79823,980.26337,-827.3925,461.36917,916.70849,-40.03067,191.33593,930.39288,44.71999,465.62233,1357.02038,-72.58344,211.83035,1376.64597,169.25894,481.04698,1763.81424,387.17648,247.25368,1770.04738,608.30902,487.80037,1824.66808,401.81679,248.27,1828.02944,639.24305,456.40026,1882.44919,-103.55515,279.23574,1892.20345,80.34048
321.9001,228.67146,-646.85356,336.16859,181.49842,-606.85688,349.66148,181.21888,-606.76739,362.24541,181.54431,-606.67542,288.06995,180.74721,-615.55214,268.33323,180.80927,-614.82929,250.56339,181.59687,-615.03548,368.78101,193.63199,-312.29481,216.50509,198.1592,-331.71165,342.66819,270.34026,-535.02308,290.8849,274.6847,-539.97841,487.47795,402.35135,-126.23165,101.76683,425.71618,-232.27381,618.2011,655.25608,-261.15656,44.38939,731.10283,-327.55058,650.92331,671.3835,-686.44142,58.82309,945.71028,-767.06833,687.49886,676.37621,-798.42896,41.26539,1025.1527,-861.06674,665.27084,654.06635,-813.97743,71.10495,1010.22228,-938.81424,637.4646,657.85057,-715.9552,89.84119,981.1964,-816.05042,462.65205,915.50663,-38.08228,193.85279,931.09577,42.80271,467.94395,1355.63805,-80.08922,216.84572,1376.40575,180.13863,483.56392,1762.18494,368.69396,251.82632,1769.55826,621.98071,489.78149,1822.9509,382.75078,252.25571,1827.62043,654.29382,459.89845,1880.92106,-118.7668,283.43884,1891.09074,105.0641
321.58897,228.89081,-671.48926,335.6826,181.82502,-632.5346,349.09828,181.47449,-632.46716,361.63609,181.72328,-632.42359,287.58099,181.20646,-646.02188,267.71755,181.29868,-645.32486,249.90772,182.12477,-645.54062,368.66558,193.57983,-326.74515,215.67188,198.59061,-362.92915,342.28096,270.44369,-551.50433,290.43177,275.12961,-565.24181,486.7477,402.47106,-127.73406,101.50494,426.03112,-258.46355,615.73555,656.29829,-184.40434,44.98547,729.71483,-334.3729,650.1236,760.24601,-545.91442,72.14606,942.00085,-773.94943,687.23724,797.91355,-654.15833,48.46544,1019.8423,-877.51038,664.82201,785.00576,-703.2637,83.28851,1005.0309,-956.36215,637.03449,775.4421,-588.74706,102.06583,975.55492,-823.61572,461.74561,912.23602,-35.08747,193.84947,929.57531,39.78027,467.51278,1354.32964,-69.84719,217.42674,1376.07101,167.06781,482.84256,1759.27998,403.51776,251.74479,1766.72241,620.90088,488.31551,1819.47041,419.52557,251.5852,1824.64806,653.37364,460.8255,1880.48973,-89.54944,284.48654,1890.30796,93.44451
321.17798,229.00659,-643.53546,335.47947,182.12045,-602.60315,348.89,181.74558,-602.50927,361.45317,181.96753,-602.32319,287.18451,181.49619,-614.75597,267.22982,181.56195,-614.02405,249.38231,182.37986,-614.26262,368.6953,193.68303,-302.00891,215.05489,198.90603,-335.65788,341.898,270.47307,-528.62907,289.62658,275.30737,-539.18835,486.24916,402.6943,-112.55389,101.85274,426.83916,-228.87676,631.72401,650.82561,-312.57833,47.16929,732.87683,-297.75753,650.40955,600.24267,-808.8031,78.57751,950.38525,-700.65224,686.40213,582.25948,-927.86118,56.22659,1026.86829,-780.46036,663.81485,557.25603,-903.73032,85.66478,1011.92287,-862.20596,635.19268,463.00984,-826.95496,103.89628,982.66354,-749.14688,460.90313,912.69299,-35.99427,193.87217,930.24204,40.7127,467.19204,1353.85666,-83.10092,217.61946,1374.76032,186.5407,481.83506,1758.11108,356.19286,251.6922,1765.43289,642.22214,486.74889,1818.42785,369.29951,251.09112,1823.5635,676.28387,460.36831,1878.75355,-134.65642,285.53522,1887.22927,128.27373
315.47598,229.21147,-654.09294,328.58345,182.37858,-609.35169,341.48933,181.97612,-609.20734,353.81287,182.14811,-609.42017,281.68314,181.79516,-623.19908,263.36329,181.81478,-622.56763,246.1787,182.56123,-622.83092,363.17356,193.76791,-303.25226,212.7071,199.42527,-355.88024,337.39311,270.58033,-539.64916,284.78781,275.44862,-545.77354,481.08521,399.16031,-131.31044,102.15864,426.71602,-246.10897,594.43657,650.4023,-153.8851,49.158,711.63574,-313.06248,641.47766,800.18097,-443.62244,70.69968,913.67792,-773.75999,682.10075,855.0832,-540.81299,56.87512,1002.69871,-893.2119,658.31352,856.3872,-607.37011,85.99119,996.07544,-971.36726,630.46028,831.73124,-490.67333,104.22533,966.75339,-825.44647,459.11831,892.57811,-34.99086,193.88477,913.47055,39.62127,463.29586,1322.11407,-64.30852,216.95553,1345.85701,173.91043,478.37364,1719.06052,437.74353,248.87524,1731.54076,627.34276,483.53096,1777.17453,458.48282,249.78672,1789.05865,660.31754,457.94441,1837.07314,-53.05736,283.91296,1846.05045,107.36341
