WIN_20240327_17_56_46_Pro.jpg,START,724.39011,319.46438,-703.87642,749.0519,295.43474,-634.29222,760.41893,296.99776,-633.96034,771.48376,299.423,-633.33607,712.84706,293.12483,-627.2644,701.07262,293.22956,-627.4057,691.18637,293.72247,-627.56386,789.03114,316.73528,-306.2536,680.26711,314.94035,-269.68292,751.38405,350.96714,-597.26631,705.11673,347.01804,-588.16673,882.27203,493.04495,-137.5806,593.77037,492.82947,-139.58921,1107.1196,536.24877,-422.1648,368.58276,564.33699,-493.77869,1057.30003,323.50398,-730.33264,448.89748,346.78152,-985.96687,1048.98232,265.87328,-804.15382,455.53925,291.2461,-1110.46646,1031.92795,256.62417,-732.21001,475.90923,285.56364,-1014.94469,1028.06763,278.12162,-718.91258,482.65877,306.27613,-973.80829,861.04858,918.23928,-25.89642,643.20923,927.67096,28.96523,866.50543,1273.26857,-20.49123,674.75067,1277.91647,-2.16313,873.85025,1575.29011,377.26631,685.55344,1585.68609,192.48892,881.61148,1617.65476,390.75573,681.06186,1627.27501,198.27991,846.39679,1673.14894,-41.422,719.56703,1688.13704,-281.45039
WIN_20240327_17_56_51_Pro.jpg,START,528.32222,338.18201,-705.83107,550.19432,314.47834,-639.30931,561.99688,316.15665,-639.03809,572.48863,318.27066,-638.32222,514.33056,316.37698,-627.1447,503.84781,319.09138,-627.54707,494.7298,321.74779,-627.74158,589.49085,341.30475,-338.21709,488.63785,344.4201,-278.27372,559.08867,370.66991,-607.2752,512.64915,369.04188,-591.84807,682.42065,505.28878,-227.65345,404.08005,508.75514,-159.33368,868.56308,522.76374,-572.81849,197.31569,569.96641,-491.68926,815.20874,327.8083,-937.86537,247.74366,371.01641,-976.47247,812.87392,277.24973,-1017.95555,257.02541,318.37087,-1092.59079,798.4903,275.98038,-955.65788,276.14771,310.14782,-1022.46368,793.05237,295.56888,-929.41093,278.21369,330.46935,-974.95583,637.0919,896.67312,-33.30555,434.93214,899.58733,35.85863,637.58904,1202.30899,16.73982,456.1845,1205.12415,91.53173,648.64861,1462.59064,435.43518,465.77942,1472.35474,350.58441,656.10817,1501.37684,453.97049,461.8087,1510.78251,365.31475,621.04572,1551.14388,59.1982,492.58343,1561.64869,-63.4467
WIN_20240327_17_56_55_Pro.jpg,START,743.06335,397.90365,-603.98449,756.51741,381.96884,-547.86419,763.35754,382.95246,-547.79816,771.21651,384.34879,-547.19471,730.68832,380.66511,-540.31685,720.06317,381.34013,-540.51605,711.33858,382.67316,-540.662,780.33806,400.81318,-281.19888,699.82346,402.09553,-239.81043,757.38365,424.4473,-515.84179,723.81805,424.42516,-505.606,857.96501,539.81709,-165.02403,627.38647,546.0857,-103.18902,1027.88437,557.81978,-378.05645,460.2853,589.71919,-295.58554,999.26041,394.56685,-642.94563,497.0042,417.08453,-669.11865,1003.9653,349.15626,-709.14215,496.98906,380.78339,-757.31567,990.59677,339.07345,-671.8689,511.72096,376.25745,-711.9471,985.00107,356.67069,-641.32217,515.72376,390.21562,-671.21826,839.67194,871.57554,-43.12935,667.82471,877.29984,45.72104,832.95166,1136.66482,-10.81529,676.5976,1141.70128,60.9318,835.09163,1364.04147,340.27744,682.69127,1372.34705,261.59708,840.06683,1398.17874,353.94291,681.01707,1404.62814,271.91059,813.83492,1439.37086,7.68545,708.33389,1451.72155,-101.99103
WIN_20240327_17_56_59_Pro.jpg,START,686.29883,229.425,-902.03377,710.47699,200.81841,-812.28455,723.67584,203.4456,-811.90376,736.81702,206.7118,-811.17683,666.39565,198.01217,-804.13857,651.36116,199.34229,-804.07127,638.30059,200.64554,-804.1703,759.86305,234.87212,-390.47886,625.87364,236.52607,-346.85753,722.40318,268.40402,-765.32188,662.63023,268.02534,-754.20662,882.42889,452.72427,-171.87487,523.9135,456.04467,-146.00779,1167.95609,512.17485,-557.42882,264.86523,578.47017,-433.99147,1111.97556,244.21972,-1094.1127,306.95042,295.06625,-902.89009,1109.79385,169.77928,-1213.44765,304.53564,224.16903,-1031.52832,1086.74278,158.6025,-1131.12938,332.89185,212.94122,-928.16978,1078.52249,187.65524,-1088.9724,346.27201,238.91152,-891.81862,844.22073,962.41479,-61.62139,570.86571,972.85635,66.2776,845.41656,1385.27332,-32.06289,604.55841,1393.21335,129.43936,851.614,1738.80341,514.59431,613.29643,1749.31973,511.95702,861.74644,1786.73349,537.19208,605.21473,1798.83923,538.05641,818.27576,1862.24339,-7.85482,657.68494,1873.69749,-67.89188
WIN_20240327_17_57_03_Pro.jpg,START,688.29887,387.77086,-722.55127,700.09178,367.51229,-666.60683,708.48549,368.2818,-666.51024,716.86852,369.33379,-665.93918,673.42651,368.39991,-652.87621,663.50822,369.72741,-653.09807,654.77165,371.12761,-653.21106,731.71974,386.85329,-386.84666,644.5607,390.96338,-318.15744,707.80708,414.46408,-629.11583,671.32812,414.84645,-610.9972,822.03621,524.83955,-236.0788,580.79456,536.89598,-146.62926,991.3266,561.51561,-526.0191,410.09941,609.59684,-265.73709,946.03973,393.50405,-883.81081,457.49279,432.78065,-518.37086,941.41174,353.60503,-958.13675,462.91267,392.36989,-587.77779,926.3974,345.9584,-909.97314,478.685,382.83264,-522.02644,923.09349,358.8106,-878.70216,484.51412,399.35642,-507.85648,798.39081,853.7964,-39.26594,623.47889,867.31353,41.8391,808.54485,1104.33017,109.75173,652.96539,1114.45304,107.11455,821.79832,1316.23343,532.1336,669.49478,1331.24926,422.7103,828.59344,1349.17336,554.32045,667.45888,1365.25537,447.35622,805.23689,1396.50341,211.25666,703.80798,1407.53763,63.17324
WIN_20240327_17_57_07_Pro.jpg,START,797.63779,401.60763,-551.05694,807.82082,384.32691,-497.48413,815.70877,384.36866,-497.38407,823.46458,384.3663,-496.94313,782.40379,385.95323,-492.8376,772.02339,387.59015,-492.92774,761.68594,389.57262,-493.14346,831.44508,396.54396,-243.60518,749.51721,405.80535,-212.7182,812.34161,424.91066,-466.61804,782.18018,430.70638,-459.22066,921.47621,543.69179,-89.08445,690.82977,550.15278,-110.77771,1093.35327,572.8326,-252.73977,552.27821,632.71307,-321.04717,1052.0134,404.14234,-495.65018,556.50074,453.9422,-673.27782,1057.01515,357.12974,-540.79487,549.92546,412.78368,-752.00867,1047.10106,355.76417,-499.60796,558.11821,405.25792,-708.81401,1043.18192,369.67278,-491.76205,562.92347,418.77196,-674.44588,901.59538,856.27768,-27.04023,738.47588,866.56285,29.58909,908.67859,1105.63419,-5.91928,763.97583,1119.61533,54.79079,921.13281,1318.54795,327.57122,778.54004,1333.90537,251.62083,927.64893,1350.00918,341.71856,776.92207,1363.95315,262.60609,905.78117,1390.45432,28.09266,808.08685,1409.14232,-85.23804
WIN_20240327_17_57_12_Pro.jpg,START,676.58096,403.66087,-609.92138,690.75195,384.88554,-558.0558,698.5527,385.39344,-558.0254,706.36238,386.44933,-557.4873,664.20731,386.39384,-545.3175,653.65173,387.99994,-545.45837,645.27908,389.61502,-545.60097,717.8434,399.79733,-296.22894,634.01417,405.24732,-232.16782,694.14574,428.37011,-522.1122,659.86595,429.61787,-505.45242,801.21368,546.66209,-157.75327,562.84657,549.00935,-79.47661,963.95721,592.34874,-431.50543,403.92998,632.92987,-304.38135,931.34201,424.36285,-790.39726,423.53756,459.76243,-720.03532,934.34242,380.74399,-858.06862,416.9558,416.154,-798.5231,924.15657,377.26639,-809.44901,429.70078,409.45697,-751.1747,917.93533,391.66234,-784.30054,436.25122,424.29384,-719.71291,767.00813,857.3467,-48.83014,604.11915,864.89104,51.30387,773.4124,1102.87491,-19.19888,630.23415,1113.58598,117.77861,779.27444,1315.87964,317.82581,639.10606,1331.73214,346.9553,783.92097,1347.46842,332.01847,635.85396,1364.79738,362.47826,762.76138,1391.75268,3.21927,665.94711,1404.77088,7.21091
WIN_20240327_17_57_36_Pro.jpg,START,660.34454,185.85065,-889.54857,687.31804,153.50784,-789.1581,702.16667,156.32754,-789.0049,715.22621,159.54928,-788.37051,641.54495,151.45769,-785.9523,626.49616,152.61736,-785.97359,611.87244,154.05029,-786.29066,737.95769,189.3619,-353.41297,592.1859,189.45425,-329.44592,694.64508,230.85125,-749.4297,632.3951,230.58483,-744.27986,867.46101,428.47662,-159.72163,465.30491,420.84559,-151.22493,1148.70193,408.31161,-473.5907,161.58646,471.07135,-424.11926,1115.09277,152.56747,-835.13199,230.47482,178.12624,-803.05054,1114.12674,75.33652,-940.9539,222.23133,100.08854,-943.90556,1090.12024,73.59904,-874.53239,254.84589,93.21161,-836.67923,1081.91025,101.46784,-836.1071,269.51504,117.18163,-793.09875,802.56859,999.83294,-73.42485,528.53191,1010.39449,77.49402,799.13269,1463.31642,-213.17184,558.16914,1463.07009,-60.75897,800.5909,1869.79168,246.42975,554.54754,1883.48751,121.18029,809.09286,1930.45046,257.85137,549.91474,1948.79076,121.52926,760.97115,1998.61719,-308.13974,582.97417,2009.55769,-485.34298
WIN_20240327_17_58_05_Pro.jpg,START,698.74435,212.3786,-931.98242,721.78497,181.5241,-835.88104,735.12115,184.90479,-835.69992,747.8743,188.50462,-835.00885,678.58498,177.91475,-832.50023,662.42615,178.76816,-832.35252,647.98012,179.75958,-832.69241,768.19756,216.32363,-391.72771,627.3341,215.77063,-366.05839,730.24902,254.31131,-788.97255,670.02037,253.35022,-783.62068,890.52147,444.86308,-168.31881,502.07458,439.73413,-144.5876,1180.1619,475.63874,-475.4258,201.96159,524.75226,-348.36544,1128.67081,199.73634,-964.86031,260.59973,220.3109,-726.45248,1128.02689,117.25365,-1081.67831,250.55573,130.06586,-851.10184,1103.40439,111.81988,-1016.56143,280.83344,128.60252,-757.66495,1095.52994,141.5064,-967.05292,294.36077,156.2916,-718.30338,847.08527,981.60679,-62.6823,564.23328,996.98816,67.19241,849.19495,1426.01097,-83.22758,600.81512,1436.88503,68.65523,851.45226,1804.8745,458.65849,609.86073,1817.58671,398.35617,860.18364,1857.49798,479.30676,600.72346,1870.58956,415.7378,818.42697,1935.54451,-106.45469,659.15947,1947.18349,-221.17323
WIN_20240327_17_58_09_Pro.jpg,START,726.24657,426.01496,-515.74902,737.79991,405.31461,-466.12644,745.08148,405.51713,-465.96291,753.17146,406.0604,-465.70709,712.67326,409.0249,-457.30865,704.34654,411.24513,-457.09335,696.521,413.83477,-457.3159,767.58202,421.30483,-227.13867,688.00148,428.21557,-174.79065,744.93256,447.49469,-437.10213,713.36624,452.03728,-423.74557,855.78995,539.90413,-95.13799,628.7207,555.29048,-51.47523,1017.20978,549.04853,-214.51986,470.7415,576.28548,-96.28495,977.74582,396.6164,-397.15725,497.88071,426.98218,-191.81458,977.81998,351.46341,-435.39696,501.64963,391.87782,-242.83096,964.20464,349.95493,-399.87305,513.74489,387.40608,-183.25705,958.93089,364.85076,-395.16182,517.36015,399.88548,-183.034,830.67856,843.59018,-55.55561,673.46008,853.02435,58.04741,840.10269,1084.75004,-0.08179,696.29761,1093.56734,121.23637,846.17516,1280.99453,350.714,704.41177,1299.87144,375.39604,851.63971,1308.26586,369.67537,703.11546,1329.104,391.70567,833.573,1355.11045,45.4194,727.97661,1373.50765,32.43073
WIN_20240327_17_58_14_Pro.jpg,START,520.06279,415.14081,-551.57795,535.86922,396.66121,-503.01556,545.12062,397.57818,-502.93518,553.61946,398.41739,-502.5341,510.18459,395.92967,-488.89179,502.68074,396.64524,-488.93238,495.68325,397.46389,-489.16382,567.68715,411.75256,-267.7297,490.32665,411.91525,-196.34624,540.21374,437.90706,-473.78357,507.65518,439.21499,-454.87583,644.49287,542.34554,-166.39519,408.6776,552.54961,-22.60179,804.11758,548.73658,-322.61066,244.23454,597.00767,-120.17388,779.64516,383.55186,-484.92523,275.30054,429.31631,-364.34937,783.20412,344.52533,-538.44379,279.30414,391.23289,-431.0096,770.04822,340.3205,-499.87656,294.11671,386.87878,-382.84,764.40033,354.35882,-480.54539,297.7412,398.81701,-362.75124,595.21198,876.21554,-88.0095,441.10638,877.45691,90.23462,586.04481,1120.31725,-130.49655,447.46048,1124.94241,100.50488,596.57555,1346.7053,187.59239,451.35178,1355.29026,261.66382,604.93988,1383.52512,198.70581,452.25109,1391.33005,268.34347,571.35597,1415.10146,-130.1647,458.3905,1427.20505,-64.83844
WIN_20240420_12_51_39_Pro.jpg,START,672.64633,367.81072,-499.36989,688.61115,343.72886,-426.46683,700.23888,344.79175,-426.19839,710.91652,345.83723,-425.91042,655.84152,344.2762,-427.78599,645.43282,345.68331,-427.7301,635.82703,347.13662,-427.97909,725.8445,361.58031,-107.14596,626.30707,364.63923,-90.77024,697.15668,398.90156,-394.7356,658.45703,398.77706,-391.19274,812.22664,484.38519,-36.17267,552.10926,500.19357,-47.08657,988.49152,361.31124,-248.00768,382.94689,382.10192,-172.41236,944.22211,152.73399,-506.40278,436.39992,169.43351,-319.89416,949.86771,106.28852,-602.42195,439.46625,119.28002,-426.2373,924.80499,97.99599,-599.11396,461.94775,114.23198,-381.53336,917.37312,118.8404,-528.97667,467.0216,134.1271,-325.77011,786.04637,896.75483,-35.85738,585.00114,896.54231,38.66059,768.26736,1237.36997,-102.15176,574.38061,1229.90287,-53.74664,755.77293,1551.88648,203.22014,563.90808,1553.70575,27.43091,761.32927,1594.46709,208.48743,561.65203,1594.44185,17.19331,721.08696,1649.28904,-232.42165,592.29046,1662.03129,-476.61556
WIN_20240420_12_51_44_Pro.jpg,START,536.22387,370.39706,-316.82941,554.30641,351.93099,-241.12621,565.11127,354.53821,-240.92148,574.24061,357.17458,-240.55805,522.46838,347.98134,-245.3797,511.45916,347.72299,-245.33033,500.39078,347.58637,-245.62176,582.29744,377.22858,43.83481,487.24182,364.25493,43.2858,554.29771,404.38232,-229.44246,515.48157,399.1421,-231.3452,647.96577,500.94403,61.15328,397.02477,503.48784,43.45871,799.10713,374.24206,-132.5411,233.46764,385.55055,-109.90903,778.45749,188.34622,-281.53708,304.51853,178.04233,-210.376,783.74313,141.37884,-357.41615,314.61933,125.62386,-301.88135,758.36487,133.49118,-333.22487,338.45718,123.93608,-247.74851,752.36221,152.03791,-294.59793,340.52109,143.57954,-212.05997,618.4774,914.8421,-25.30751,419.34807,911.21172,28.19687,604.63978,1253.241,-143.48378,422.6738,1247.5985,-97.95465,599.65309,1566.51426,114.37943,417.23579,1559.202,-74.38753,604.9334,1610.18097,114.34767,411.11286,1597.23925,-87.85841,572.50343,1660.84202,-294.50979,443.94791,1668.18157,-538.88538
WIN_20240420_12_51_48_Pro.jpg,START,793.90305,373.54958,-409.34662,801.90697,349.3473,-345.51121,811.11099,349.29174,-344.97654,821.57402,349.35423,-344.856,770.71693,351.33477,-343.23116,758.80791,352.98817,-342.69814,747.57904,355.00573,-342.79621,833.33786,362.93309,-65.41108,730.30106,371.80708,-30.91706,810.66467,403.63984,-319.20202,777.63771,408.29942,-309.70959,921.054,473.41603,-22.16632,678.84407,494.58338,-38.30772,1065.39917,318.44539,-235.16039,519.75708,377.72708,-195.00084,993.34106,121.79237,-432.99595,576.47179,174.40374,-280.22903,988.16315,65.84767,-528.91838,576.1618,129.36693,-384.41246,965.59769,66.91386,-509.5602,597.3402,127.76456,-334.1766,959.78806,86.37614,-448.643,603.58837,144.50644,-283.98773,899.42482,860.66749,-30.77918,708.38341,860.40845,34.0545,891.08047,1181.82009,-57.35955,710.42549,1178.6586,-22.20782,878.6853,1475.74677,215.80862,689.44511,1487.16225,29.90837,885.31731,1512.0013,220.71379,684.56894,1527.09978,18.21044,842.09145,1575.60064,-189.16985,706.65649,1590.32524,-448.49907
WIN_20240420_12_51_53_Pro.jpg,START,731.22688,329.76258,-284.27525,744.59373,302.76651,-196.79995,754.27719,303.07479,-196.29303,764.73518,303.63737,-196.03722,709.51317,304.96558,-205.34082,696.21872,306.85488,-204.88359,683.63762,308.71985,-205.25349,778.05801,323.58732,129.35724,661.80229,329.13574,109.04414,751.85204,365.96399,-183.07501,712.15012,370.50392,-190.06918,865.04387,461.8803,161.54625,584.24171,477.2588,42.26206,1041.00121,301.95193,-94.25671,416.96648,334.25041,-212.4338,933.95294,90.88311,-270.61512,510.56351,121.43128,-287.89291,923.95782,36.84608,-369.81258,524.32384,57.19491,-399.27563,890.06226,38.65376,-324.08653,550.31078,60.9718,-341.87103,887.05246,60.95103,-278.66999,555.14015,82.4051,-288.69043,826.61888,891.12296,-16.70809,606.80817,882.05495,20.36529,816.40472,1245.5577,-131.97128,609.06727,1241.09219,-101.86618,803.64471,1578.03532,94.63764,590.82573,1585.61554,-120.29667,806.15288,1623.38104,92.54536,584.13513,1632.90241,-140.29161,777.96997,1688.16502,-343.56781,617.34119,1697.55215,-638.51479
WIN_20240420_12_51_57_Pro.jpg,START,562.17548,378.72027,-351.97033,578.7505,356.4347,-289.69967,588.68614,356.99344,-289.52103,598.237,358.13035,-289.20074,545.9922,357.85131,-291.92074,535.60265,359.06015,-291.97247,525.78949,360.05317,-292.33929,610.09392,374.17039,-20.56953,516.21449,373.62382,-14.12371,583.64513,405.11415,-264.29224,545.94685,404.71706,-263.87409,681.72882,485.34272,15.76219,443.68206,499.36153,12.5572,846.1557,382.23938,-268.81001,248.89193,422.41552,-242.90121,760.68153,228.27603,-470.72044,326.47011,241.27856,-429.85115,749.91837,183.73711,-542.63145,336.58073,198.02775,-518.21831,731.65436,181.89737,-490.95135,356.99757,201.97793,-454.09847,731.35742,202.02411,-466.85272,358.43819,216.82467,-423.4407,668.54149,879.14331,-22.54055,481.82915,884.97577,24.80724,667.12982,1193.28904,-104.32211,490.58788,1198.82821,-72.29646,674.2511,1486.59353,144.54984,501.37524,1491.47713,-15.04369,681.43768,1526.90254,146.26773,499.13517,1526.24062,-23.66587,654.00108,1577.02234,-233.1352,531.28437,1595.3944,-446.31504
WIN_20240420_12_52_02_Pro.jpg,START,692.72148,392.76449,-357.90833,706.23917,372.12427,-306.03857,715.89264,372.70024,-305.96771,724.82224,373.36255,-305.59139,678.95798,374.09992,-290.21252,669.35608,375.63955,-290.19054,660.58846,376.80698,-290.62664,737.2184,386.57151,-61.66701,651.10527,387.86253,26.46147,711.73737,420.85147,-279.55067,678.84048,419.66353,-255.89483,813.41835,485.28212,-88.25009,584.83074,500.03642,64.35915,936.576,373.43122,-442.83707,442.20238,398.53772,-304.65321,859.35951,223.84077,-640.37354,539.37237,246.77083,-644.72931,849.49478,180.2453,-719.01474,558.62072,210.33334,-746.57158,833.63159,179.4106,-674.6682,575.65937,214.61899,-674.0802,831.83075,198.30601,-636.60748,576.36669,226.25716,-638.60577,795.63202,856.49388,-61.92204,623.32298,857.70804,63.51035,793.30673,1147.29074,-58.4583,627.55058,1155.3887,104.10136,795.28305,1439.14762,247.70918,628.56087,1445.05062,288.31882,803.92075,1474.90957,256.21212,624.52984,1476.21111,294.01587,773.19687,1527.53597,-109.84364,652.66869,1542.5754,-116.9568
WIN_20240420_12_52_06_Pro.jpg,START,851.59142,370.68472,-260.01282,860.74341,346.52821,-206.90657,872.34558,345.89516,-206.45527,883.54683,345.64911,-206.34905,832.06116,352.56777,-192.51383,823.30383,355.61487,-192.08035,815.20271,358.2966,-192.31079,903.53821,357.40512,25.85837,811.58043,373.16497,116.16109,878.24081,397.41377,-185.98671,842.43881,401.15513,-160.82796,1008.55484,471.0462,34.97889,770.42458,490.70357,115.06393,1125.82413,298.08498,-249.20809,615.87425,382.4964,1.60707,1018.38181,143.97367,-424.28921,676.8866,195.62453,-75.81637,999.47716,99.79938,-513.29292,688.10806,158.25659,-170.11349,977.74971,105.82177,-471.04954,706.98601,160.18496,-120.82372,979.76799,124.25357,-427.22454,708.0368,171.86651,-77.5456,967.15385,854.218,-44.16881,782.97195,848.01991,46.89648,956.39221,1181.93192,-160.02483,774.53003,1179.00553,-46.6349,948.05908,1496.75949,45.53183,757.34215,1504.03605,-57.91466,957.00447,1535.42141,45.32552,754.0226,1543.53962,-74.8385,913.21365,1593.72208,-358.79848,773.22075,1610.79826,-531.54408
WIN_20240420_12_52_12_Pro.jpg,START,606.70177,364.29329,-412.90825,622.9723,341.97564,-331.1364,632.23145,343.07316,-330.95142,640.2935,344.05025,-330.58647,588.63628,341.35959,-338.0304,575.73891,342.22584,-338.07331,563.10413,343.29246,-338.36098,648.50426,361.31407,-11.29811,544.13525,358.27575,-26.04419,623.41145,398.47125,-312.40763,584.11304,397.46218,-318.14304,718.35854,483.87201,1.91005,462.58858,500.93356,-20.75991,880.98785,335.07108,-238.83297,305.27029,349.04571,-211.25416,830.31242,139.00452,-451.79665,379.49898,149.85224,-357.6123,824.814,88.65829,-552.36469,386.05217,94.0955,-466.39927,801.4122,85.76374,-538.20686,404.20715,98.36884,-418.95733,799.01955,105.29735,-471.36379,406.30241,121.10315,-362.1727,709.9292,915.34438,-23.09444,508.97865,925.45953,25.60107,714.73389,1261.85849,-87.93167,529.49898,1272.4512,-78.05624,724.01657,1586.14735,228.8661,537.23583,1597.08664,11.73151,730.36308,1630.19875,233.80703,533.78529,1637.78412,3.39411,700.75134,1686.62693,-199.68338,571.05633,1702.59212,-484.96906
WIN_20240420_12_52_16_Pro.jpg,START,628.53279,388.8531,-352.15157,642.48199,365.78653,-287.34961,651.70624,366.53901,-286.99329,661.28441,367.79763,-286.6927,613.8398,367.27346,-290.20126,604.57954,368.61101,-290.1123,595.69977,370.06408,-290.45954,674.99786,384.46926,-16.46482,585.06226,383.44126,-10.3727,648.79677,415.08734,-265.58399,614.4519,416.22412,-265.02201,746.89415,489.99122,21.14781,522.08488,501.02068,-22.32263,873.06,367.19094,-153.63115,387.83016,372.23838,-187.76552,819.97437,193.09849,-298.03015,473.66016,199.95315,-233.92204,821.36795,149.26227,-371.44501,482.22839,151.82985,-323.75244,798.71552,139.69889,-354.67789,499.8246,153.13225,-266.90708,794.05449,159.97793,-310.27512,504.5092,172.70086,-231.44594,727.17247,842.83951,-25.6004,549.33178,843.66168,28.03051,723.04016,1122.47263,-46.28417,554.40289,1124.18993,-15.1643,716.71356,1383.58469,223.86833,542.02648,1395.64579,59.92892,721.96426,1418.06356,230.85173,537.64061,1432.09645,53.1179,689.13353,1475.82556,-138.8553,563.89259,1487.33099,-364.74583
WIN_20240420_12_52_21_Pro.jpg,START,812.20993,374.36226,-560.38563,822.64214,350.58819,-497.35691,832.29561,350.60392,-497.0369,842.77405,350.3516,-496.91868,790.21667,351.5661,-494.17721,777.84431,352.8164,-493.80085,765.86319,354.63685,-494.0028,855.50156,363.21882,-178.50107,745.60959,372.26031,-147.12671,831.20972,405.04558,-453.18409,794.21806,407.64792,-444.55643,939.48639,479.94521,-105.75472,688.35335,494.0305,-28.14558,1122.50839,377.29763,-448.68465,497.12944,416.04641,-316.07441,1020.55527,217.12169,-718.71971,581.07086,236.35643,-603.82683,1009.43596,166.44046,-823.29002,598.8929,192.02346,-710.12764,987.13203,159.53908,-760.9726,614.58202,195.06753,-637.20375,984.35028,181.69215,-714.60274,613.6739,209.23685,-599.35619,911.60515,885.01825,-60.84384,721.48514,884.96246,63.92749,898.15727,1212.84093,-149.40615,715.64804,1215.6427,70.17953,883.50327,1521.12288,140.48123,697.33772,1525.10731,233.05574,891.05026,1560.51727,144.20049,692.06078,1562.85976,234.06775,849.29382,1617.02751,-295.64304,714.13383,1630.87234,-243.14861
WIN_20240420_12_52_26_Pro.jpg,START,627.73804,394.2555,-336.60305,639.53815,376.21852,-270.13355,648.55637,377.57628,-269.93069,657.08076,379.07827,-269.54931,612.76997,375.84482,-275.91599,604.80846,376.9159,-275.99072,596.67297,378.00234,-276.30733,669.10469,396.67713,-6.46638,583.15041,394.56046,-17.92328,645.28465,420.25988,-251.71867,614.49596,418.65957,-256.25357,733.58154,501.23869,40.59175,523.82374,509.71825,-1.90533,864.96368,394.11598,-136.57295,391.70662,410.88159,-150.8864,807.01027,240.92305,-292.39178,471.75919,248.52877,-226.14176,808.66119,199.70484,-362.70248,484.53987,207.27163,-309.98871,788.31863,190.81166,-346.09879,499.14474,208.15045,-258.0302,782.20558,208.95043,-303.69167,500.25284,222.52589,-222.96082,713.97911,837.16095,-22.35425,553.23048,840.50208,24.55681,709.01016,1110.0422,-107.05098,555.17128,1109.68557,-59.9221,705.1284,1359.71629,121.68339,543.46657,1371.12465,-18.28442,708.04039,1394.93588,124.22535,540.93834,1408.16008,-28.1085,682.54089,1441.24557,-225.05989,564.53346,1454.01993,-413.88668
WIN_20240420_12_52_31_Pro.jpg,START,803.81691,371.07735,-412.50965,816.63666,345.25708,-363.94405,827.02766,343.91072,-363.56918,838.21205,342.6805,-363.48579,788.72108,351.51853,-343.07926,780.72693,354.06228,-342.75333,772.94083,356.6378,-343.03989,860.28748,352.80102,-124.50204,772.69897,369.62656,-6.31441,832.51076,396.33857,-334.39854,799.4162,401.85169,-301.49866,960.80765,461.05023,-77.69893,728.8224,480.84347,93.41983,1089.57664,314.68882,-299.24871,567.38697,404.39966,65.90231,985.40588,141.08188,-481.43669,606.4679,230.801,-5.61277,978.60382,94.71846,-562.5457,609.11476,190.83406,-83.14772,962.55592,95.70388,-533.48328,626.68007,188.76009,-40.97472,958.96271,115.14599,-487.93919,631.31401,201.92064,-9.61223,943.66234,829.45644,-84.94923,771.27449,832.44035,87.73744,953.11775,1124.22049,-143.36301,782.76939,1129.11069,33.99368,956.03973,1407.4318,110.9341,784.73404,1413.67581,110.56054,969.64371,1443.89568,114.93752,784.58923,1450.00082,103.7315,920.46959,1498.78698,-273.83091,803.01689,1511.18832,-325.7682
WIN_20240420_12_52_35_Pro.jpg,START,733.76808,385.53399,-304.05798,752.46368,351.29303,-283.36206,764.02428,347.41207,-282.99072,774.57718,344.73235,-282.78442,726.87195,361.69254,-242.42199,721.05698,363.98628,-242.08309,715.7106,366.11677,-242.44377,806.72562,350.12243,-143.14847,733.65021,367.95196,65.24863,766.64093,400.72619,-257.75995,733.53371,408.25882,-198.91903,912.94708,441.0773,-108.59376,711.51321,478.12843,118.20156,998.49625,282.46693,-378.37372,590.34393,416.56264,38.36604,903.79417,102.89314,-533.44799,613.52715,246.11894,-69.88137,897.19589,41.86504,-615.94799,610.24567,202.26779,-149.89474,883.53508,45.21835,-578.05901,630.74272,205.21817,-109.61459,880.70961,76.47446,-534.86946,636.41956,220.53826,-73.88199,938.2309,797.17938,-109.79108,774.47899,807.55889,112.92256,948.35838,1067.1926,-205.98612,785.2919,1082.43759,81.39135,957.3774,1334.96693,-0.29686,795.73997,1347.33298,107.1451,974.48601,1369.63111,-0.00557,798.43025,1382.28341,97.48928,919.71298,1419.23704,-351.09062,812.90352,1438.20923,-269.42633
WIN_20240420_12_52_40_Pro.jpg,START,536.50806,360.8414,-312.33158,549.97429,338.77982,-235.33224,558.18245,340.83911,-235.0865,564.71703,343.00668,-234.67764,518.89404,335.03503,-247.77824,506.58741,334.83757,-247.78482,494.30225,334.68083,-248.06755,567.28951,360.72853,64.54648,472.98412,348.14734,24.73483,548.05031,393.05061,-218.46592,512.0356,387.79039,-231.62912,616.2252,485.18732,78.9313,378.98415,479.88423,18.96553,746.76979,358.69155,-107.07412,226.67048,311.03608,-187.32412,713.5054,176.5839,-232.15527,340.97843,124.4212,-267.91342,708.9254,130.32922,-316.73534,359.94995,73.9494,-361.32359,689.00543,124.24267,-292.46037,378.68637,74.0554,-301.37848,686.72455,141.50275,-245.7806,376.76949,94.00074,-265.6213,591.48003,906.6063,-6.437,391.66737,909.15393,8.99152,597.53334,1237.21676,-96.52821,422.3312,1247.83813,-110.82571,605.5381,1545.72092,162.37249,423.92784,1550.63095,-76.85862,610.70778,1588.87608,161.65123,416.44463,1589.9287,-88.21035,583.20301,1645.8189,-237.20144,453.70617,1653.33149,-537.31243
WIN_20240420_12_52_44_Pro.jpg,START,739.29207,369.48738,-450.64598,749.97437,345.69812,-391.74362,760.38475,345.30952,-391.36406,770.12817,345.4947,-391.13235,720.32928,351.24252,-385.74631,711.72981,354.03434,-385.53806,702.93564,356.84134,-385.80906,786.43883,361.14318,-127.84682,696.22719,373.02948,-79.99284,762.59407,396.92037,-364.62421,729.07516,401.03505,-351.60492,872.17163,466.96967,-79.79275,645.3141,483.5428,-53.31397,977.23289,310.43361,-255.16714,500.28877,370.23093,-175.06735,904.63028,148.40886,-412.60906,570.98991,195.35168,-220.30054,900.45036,104.32102,-490.94135,579.28673,157.74681,-309.57932,881.7495,106.40619,-479.97169,596.99818,158.77271,-260.48313,878.56842,123.9399,-425.74486,599.51874,172.1622,-220.16563,845.59196,814.05859,-37.57647,677.94304,758.47481,39.85099,842.16621,1083.99362,-21.87637,685.26413,1085.14194,34.40062,836.86798,1331.39603,258.64141,671.96709,1349.88087,126.91474,841.98097,1362.73049,267.42804,668.3812,1386.31222,121.59965,807.77344,1424.49606,-102.01977,690.29579,1439.23061,-289.33609
touchDown1.jpg,START,70.8427,102.79933,-50.72087,73.83188,98.00285,-41.85891,75.69299,98.24352,-41.89196,77.30452,98.46886,-41.97334,67.78815,97.49351,-41.84128,65.79913,97.49304,-41.85194,64.0722,97.57445,-41.87584,79.62897,101.04695,-1.27466,61.21386,99.99852,-0.10568,74.04925,107.81762,-36.12076,66.7083,107.85151,-35.98954,92.97467,125.2051,4.17801,47.9084,125.84515,13.57283,118.51195,108.45416,-25.24109,30.13807,118.82738,0.84406,118.6628,71.18495,-48.04539,20.77295,82.66067,-11.96111,119.66623,64.20191,-59.29871,17.23398,72.48071,-23.93335,115.79662,63.86521,-56.2003,18.21949,71.98235,-20.43682,115.05582,66.22806,-49.16659,21.42958,75.79721,-14.05879,83.54501,197.01205,-0.7376,56.03003,197.18269,0.85314,83.93719,247.77752,-26.18603,58.52876,248.16457,-13.73224,84.74074,285.146,65.79056,57.8592,288.14763,59.24111,84.23852,289.89198,73.86514,58.76038,293.25173,65.01044,85.82929,301.90369,38.17272,57.7879,305.79758,18.89794
touchDown2.jpg,START,139.63385,74.41216,-68.7531,141.18468,70.77572,-56.33634,142.72918,70.94333,-56.35647,144.22084,71.16099,-56.34909,135.9501,71.114,-58.70369,134.05478,71.59203,-58.7458,132.09726,72.14779,-58.80603,145.73472,74.3511,-1.46163,128.44519,74.9772,-10.97796,142.58175,79.31185,-49.27086,135.94412,79.79817,-52.19988,158.79615,94.35546,19.47828,118.25611,95.64005,-12.62496,180.09627,71.89044,-3.40158,99.62815,70.81527,-58.35765,192.63317,39.94767,-36.57352,88.97014,37.12222,-105.52483,194.60092,30.12306,-48.89045,86.76857,27.16011,-123.56022,190.26897,29.31706,-51.41171,89.69775,26.02972,-125.20274,189.01105,32.68908,-40.75861,91.46998,29.61045,-110.02604,151.11603,167.8428,11.32788,125.9332,167.18517,-11.12365,151.95739,218.63424,9.05826,130.14207,217.4904,-73.36144,150.7184,262.29128,50.4329,125.25791,269.0068,-59.12302,149.79238,268.04269,50.66305,124.00664,277.4429,-60.78841,149.5269,278.96416,-2.23942,128.43286,281.94995,-130.31042
touchDown3.jpg,START,161.44431,95.61771,-13.34269,160.79811,90.65402,-0.18142,162.01386,90.70189,-0.11503,163.22131,90.77149,-0.07477,155.54702,90.83704,-5.38888,152.76618,91.10798,-5.35737,149.77805,91.42445,-5.43209,160.43161,94.20598,52.83088,142.14704,95.3423,31.90281,163.18823,101.67687,5.28682,157.21681,102.64699,-1.38332,179.50913,120.38517,60.05217,125.89403,119.71977,20.84928,215.81408,83.37944,29.91319,105.238,84.06606,-11.80495,232.35101,42.08164,-3.80004,101.28715,36.28106,-11.88385,234.74404,28.41034,-14.66987,103.06401,30.46304,-25.65241,232.34625,26.33992,-16.00076,106.08586,29.36959,-22.98319,230.31167,31.6173,-8.52841,105.67959,30.84624,-14.53356,175.60392,184.88145,12.19813,141.02379,184.39303,-11.65373,177.97347,237.70363,-32.43816,144.27066,233.24931,-133.1788,176.47682,281.0512,-16.81151,140.34755,287.85358,-166.6187,177.84534,288.05518,-19.92603,138.32466,299.79939,-173.64548,172.62808,296.48076,-83.46813,146.30359,299.73998,-249.46618
touchDown4.jpg,START,137.14445,89.96493,-124.99053,141.29062,82.65562,-108.59799,144.17889,82.56225,-108.57459,146.86025,82.59594,-108.49434,133.16182,83.67679,-106.79301,130.96276,84.16985,-106.80578,128.80664,84.89963,-106.85832,151.57382,87.00481,-34.42083,127.12761,90.14328,-22.70458,144.13678,97.07581,-100.02794,134.72241,97.55896,-96.85765,174.879,117.09853,-5.55131,113.99395,122.00217,-2.59962,218.37987,92.12579,-45.88748,76.54062,93.672,-23.65598,223.35735,40.91761,-117.9467,64.90696,42.26482,-80.76801,225.18967,27.1732,-143.12342,60.72935,29.63778,-107.62112,219.6886,24.87381,-147.64186,64.90404,26.77128,-107.01089,217.32417,30.32102,-126.34239,67.67635,31.62016,-87.37866,169.74642,222.9339,-11.21868,123.55957,224.82093,11.96086,169.71232,310.58451,-52.3768,124.17343,309.57941,-22.22425,170.08098,388.64888,16.89886,121.06713,393.09532,-13.51122,170.7213,399.58436,17.73499,120.7603,405.54448,-17.15016,163.22743,412.6288,-89.30355,128.15569,415.90764,-134.93603
touchDown5.jpg,START,85.23767,91.60305,-73.19244,87.40055,86.83826,-65.46965,89.16767,86.69106,-65.46313,90.77569,86.60904,-65.47952,82.47118,87.49256,-62.56584,80.97877,87.74241,-62.57778,79.61483,88.02277,-62.56619,93.1432,88.20977,-26.8194,78.17948,90.22446,-12.37003,89.27631,95.78299,-59.34518,83.44122,95.85165,-55.14552,110.11486,106.75975,-7.86205,68.56184,110.60927,5.55183,135.21385,95.44064,-17.50826,44.82798,99.27619,-3.89993,146.04894,63.72136,-48.14137,32.8752,68.05748,-40.34287,148.08396,55.58658,-60.41305,31.48253,58.52579,-55.35139,145.36506,54.48197,-66.07524,33.63331,56.96334,-56.85062,143.7539,57.37598,-53.37827,34.63196,59.50382,-44.84402,106.31632,175.96361,-3.52036,79.4046,177.65935,3.6372,111.93381,223.89434,-2.0985,77.68042,223.87854,3.15412,116.89268,266.52322,48.21288,77.77426,266.71273,44.36559,113.75213,270.76151,49.92178,80.27255,269.23334,45.3498,126.46045,282.23577,-1.13961,68.63474,284.24668,-4.37972
touchDown6.jpg,START,86.13389,76.06946,-123.8186,88.82561,71.50326,-114.21116,90.40335,71.39724,-114.19312,91.96303,71.35114,-114.23013,84.0699,71.69521,-112.50912,82.51281,71.64523,-112.54177,81.02194,71.66318,-112.53509,94.46789,73.24004,-67.59366,79.32195,73.14832,-59.13708,89.15197,80.53036,-106.77492,83.47815,80.48934,-104.46845,108.48691,92.36302,-55.24053,66.51225,92.74793,-33.58185,133.83825,73.82767,-73.16828,43.93899,73.47593,-47.76026,141.54235,38.6743,-99.63628,36.86532,38.96172,-80.00904,144.97155,30.43927,-114.36561,36.48281,29.33687,-96.47517,142.7128,28.8473,-119.68013,39.07867,27.60771,-94.22912,141.0354,31.89073,-105.03801,40.1945,30.30672,-83.23717,97.07073,162.79763,-8.22128,73.04349,161.83788,8.20991,96.02467,205.30519,10.37358,73.21818,204.38367,34.27195,97.27102,238.8256,120.3157,74.31636,238.48405,130.87408,95.09596,241.20447,128.56227,77.24541,242.83466,137.72616,98.71673,260.3385,78.67136,68.45244,260.21322,88.21537
touchDown7.jpg,START,89.80669,70.70659,-116.6686,91.08714,66.12724,-104.75887,92.33422,66.08523,-104.7302,93.56601,66.15943,-104.75318,86.77376,66.5065,-104.98404,85.2053,66.66217,-104.99913,83.77799,66.83575,-104.97844,95.5317,69.23344,-51.29676,81.5223,69.63369,-51.83739,92.89043,75.77652,-97.60593,87.95009,75.69675,-97.82616,111.01155,88.83479,-37.81019,70.16133,92.60896,-40.29497,127.67102,66.17679,-66.78786,50.76395,67.36915,-79.89173,122.23013,33.32252,-91.92368,57.51971,34.41273,-102.90194,121.14819,24.70685,-107.64099,57.8501,26.17336,-121.26841,117.81932,22.97899,-107.95954,60.41292,25.32784,-114.56582,117.18758,26.42761,-95.05511,61.39337,28.69436,-103.82435,103.85827,157.35076,-1.68233,80.80876,158.31585,1.69155,101.45561,206.85868,15.97807,82.66154,207.30842,22.58965,98.50196,244.95595,109.84149,86.38017,245.58959,107.59816,97.70644,249.66989,116.05351,88.04745,250.45513,112.77032,103.65849,263.1878,59.01224,82.07686,264.98223,56.80818
WIN_20240327_19_55_03_Pro.jpg,STOP,631.58539,226.91669,-563.6248,643.69072,206.19759,-513.85353,650.79483,207.24867,-513.99334,657.54128,208.35241,-513.84521,616.0717,205.21474,-516.80504,603.75908,205.83336,-516.81419,593.07301,206.93908,-516.9157,667.95822,224.59857,-227.94464,578.00079,222.13437,-233.86574,645.67543,256.34623,-463.86463,611.88484,256.40418,-465.87769,746.75041,351.50564,-95.13365,487.03857,352.77409,-93.69976,904.94949,387.40033,-121.89684,296.1062,376.36834,-93.90072,1044.11606,381.80378,-502.71118,123.87344,351.42798,-424.45724,1084.30832,374.06937,-588.90251,69.8798,345.20867,-494.55971,1084.41727,368.60847,-657.71515,70.71712,342.60587,-587.58636,1070.50064,374.54169,-554.92836,84.22943,346.47697,-480.1511,696.5966,712.78142,-10.71522,546.15612,727.99942,12.65877,708.64342,1043.18808,-1.1269,549.76044,1048.11244,49.88784,726.49864,1329.50028,327.88498,557.47875,1337.62545,213.51511,734.16885,1364.85489,340.77881,553.43376,1370.61962,213.64716,707.69798,1407.26864,-20.83012,585.41737,1418.47383,-201.44218
WIN_20240327_19_55_07_Pro.jpg,STOP,658.75481,178.20481,-585.99865,675.24467,157.39231,-527.22118,682.38663,158.60138,-527.55421,689.85451,159.93785,-527.43599,643.21846,155.22436,-545.14534,629.10378,155.95562,-545.26985,616.16844,156.96073,-545.46619,696.18561,173.08607,-211.53652,596.52077,168.63474,-286.84118,672.23801,213.38771,-478.02517,632.12475,212.60056,-500.33077,767.75749,333.7804,-109.22382,503.11996,334.32886,-187.59914,937.26738,432.99505,-428.14976,261.07349,371.73409,-264.03448,987.61627,406.58881,-1095.22202,31.19553,379.72282,-513.73848,1026.35574,377.382,-1217.43759,-27.19624,372.642,-569.73988,999.35638,380.0028,-1243.93311,-31.56986,377.946,-647.12067,985.17982,385.12899,-1136.74179,4.24641,385.86413,-561.26686,734.98528,731.40698,33.83704,578.26538,765.12171,-31.91293,761.96671,1097.07653,41.50373,584.07848,1109.31667,25.50067,780.24925,1418.92221,353.83568,598.69942,1433.12479,191.6153,787.74956,1456.79226,366.35101,591.53557,1466.30007,192.33513,764.74121,1510.67762,2.17101,632.38293,1530.5658,-237.6491
WIN_20240327_19_55_16_Pro.jpg,STOP,518.43254,226.17491,-611.15551,533.34064,202.63248,-591.14716,542.76619,201.86983,-591.22597,551.09184,201.48205,-591.29444,508.20347,206.15171,-561.68785,501.86516,207.5883,-561.55315,495.9903,209.2514,-561.5974,575.98682,217.51067,-403.57876,500.49995,224.80851,-267.98878,540.33409,252.87467,-546.46065,510.662,255.50249,-506.32988,647.38098,342.38774,-376.92879,465.69389,361.27896,56.69446,818.34961,349.71562,-498.2851,386.3385,436.81872,583.03967,996.41617,321.24871,-741.10069,302.89835,463.7775,908.74779,1059.47998,298.47025,-779.63196,270.80734,469.11651,994.01718,1058.87001,296.45658,-860.60616,269.16285,466.26449,948.98567,1037.14478,305.47642,-785.41481,281.19492,467.21605,899.91043,604.058,677.99553,-143.1222,498.72841,674.41279,144.64651,615.96355,913.80295,-65.25392,492.28363,896.30456,190.60265,607.9232,1108.03385,315.96537,489.2445,1095.30576,484.08802,618.81153,1135.91123,340.24616,491.64478,1126.24978,498.56659,568.74096,1166.26285,89.59495,476.99104,1151.98568,212.97977
WIN_20240327_19_55_21_Pro.jpg,STOP,573.6142,237.79628,-470.03548,585.662,221.6272,-422.47501,591.5221,223.37334,-422.49058,598.50086,225.1905,-422.32552,561.85631,218.20629,-427.44637,551.69426,217.85807,-427.33807,541.02013,217.63513,-427.31647,603.56209,240.90486,-181.97453,524.14131,231.09325,-200.50308,582.68471,267.79522,-390.23602,551.87996,265.03238,-395.75394,664.27895,378.42836,-136.02499,422.402,361.29905,-129.50136,842.00127,415.07369,-202.22332,237.36691,394.59114,-150.95594,978.78891,407.9888,-520.44506,63.61851,391.29971,-421.31554,1030.00633,394.75765,-593.74348,14.36649,388.7919,-474.19926,1026.931,390.28609,-662.33727,11.79214,383.86222,-565.65228,1009.64111,399.12601,-571.90407,30.98221,388.34172,-476.29669,616.22536,713.45391,-0.50772,475.9005,717.35315,2.32587,630.29346,1015.13071,7.24915,477.89978,1019.86453,5.64794,635.52254,1285.37893,300.00134,484.00009,1286.40882,152.61656,641.49353,1316.22133,312.78357,479.12827,1314.37185,151.4184,624.10084,1357.69541,1.87082,501.28063,1358.24936,-224.49017
WIN_20240327_19_55_25_Pro.jpg,STOP,656.99463,235.46941,-573.1501,667.98477,217.35244,-530.54008,674.37653,218.90581,-530.63347,681.39374,220.66933,-530.50514,641.56158,214.69997,-541.03462,629.8418,214.85571,-541.02257,618.67561,215.59738,-541.22822,689.97391,236.73722,-256.61549,601.89964,231.02686,-296.27628,667.85362,264.98657,-476.29166,635.22041,262.45492,-487.51041,752.3761,371.41123,-135.5222,515.37437,356.14049,-205.50207,930.3051,411.86311,-442.47986,322.88254,364.18553,-269.13494,907.37503,371.81047,-1007.78458,137.41348,330.44972,-497.8487,912.22733,371.69246,-1112.98523,74.56425,315.27676,-557.57019,892.39822,365.03689,-1119.85519,71.62098,312.23093,-624.56421,887.42447,369.07771,-1036.45248,92.62772,319.93346,-539.31221,704.64569,722.59664,40.97175,562.45045,727.8723,-39.51375,722.31064,1032.19763,158.91077,560.87494,1034.92104,51.4359,727.24236,1310.3209,520.36449,562.23804,1314.91988,283.82565,730.289,1344.14206,539.81995,560.21961,1341.66678,294.63558,710.03159,1397.90176,216.69285,575.91576,1409.33493,-97.90777
WIN_20240327_19_55_30_Pro.jpg,STOP,654.67453,237.96108,-624.43775,665.89592,219.46898,-581.32805,673.34892,220.37699,-581.30974,680.15251,221.16277,-581.20312,639.32789,218.80835,-587.65148,627.90688,219.44083,-587.56695,618.3849,220.70413,-587.65808,689.77936,235.62086,-307.74426,605.05585,234.68029,-331.3435,669.11774,266.10015,-527.43103,635.75451,266.07621,-533.75599,761.3401,357.37407,-155.0355,514.53499,359.46049,-229.15876,905.94856,387.98613,-101.03376,340.87723,386.43426,-270.03124,1044.03748,390.1755,-369.02615,175.78228,367.58941,-577.45392,1085.23544,387.48792,-431.09016,120.60078,366.47335,-650.92987,1082.42836,383.93548,-506.87229,120.15598,362.55647,-739.10538,1069.60754,388.07127,-419.84024,133.8958,364.89887,-630.31578,712.16171,712.48561,22.52601,564.49532,717.42345,-20.67943,726.25168,1021.33395,108.86224,570.61852,1020.7049,31.18403,735.89363,1292.38684,473.89973,575.69263,1295.31435,249.89845,740.42999,1326.35588,492.33383,573.5841,1324.74089,257.29786,721.50574,1369.9316,159.80924,594.7509,1378.89773,-141.93787
WIN_20240327_19_55_34_Pro.jpg,STOP,581.76262,258.38346,-513.4914,593.2505,240.2926,-475.60654,601.52649,241.70669,-475.52044,609.26952,243.27026,-475.50529,570.22774,238.75162,-478.39653,562.43092,239.21103,-478.25905,553.99406,240.3459,-478.33511,621.17958,257.70578,-239.80907,542.95788,254.87371,-255.69363,595.04505,286.64886,-431.80145,565.38963,284.33896,-435.62943,687.8965,367.73691,-112.33739,474.99268,377.70846,-109.31662,846.16875,383.41702,-65.33353,373.13931,423.30859,97.80641,1029.84268,379.21753,-359.61681,262.69007,445.60289,99.52598,1071.35452,361.98496,-400.80734,232.33116,451.57259,92.86168,1074.84604,358.58997,-486.80664,231.90685,448.71052,26.9452,1063.13782,365.73624,-410.21294,242.85816,449.24409,68.73195,657.332,695.31775,-6.71471,521.31001,694.16213,8.08833,678.64349,939.01906,34.35233,537.88673,944.98936,14.63956,682.7433,1144.48434,417.93678,553.36597,1151.31869,264.57037,684.73663,1168.97158,442.272,552.51015,1174.22802,274.61008,676.45874,1209.0909,171.41869,576.83617,1220.17679,-63.26461
WIN_20240327_19_55_39_Pro.jpg,STOP,633.53149,268.2365,-503.66482,641.56334,246.85168,-468.88237,647.94075,247.35572,-468.86349,654.14101,247.79509,-468.71563,618.55122,247.36057,-464.66541,608.703,248.19995,-464.57874,599.82655,249.35115,-464.66274,663.10165,262.86408,-235.92268,583.18611,264.92642,-211.03966,645.25681,296.426,-421.70525,616.47148,295.55918,-413.84632,737.89307,382.38456,-134.92389,508.6438,382.57042,-84.14292,898.08777,401.12676,-200.64751,347.45667,418.81162,-65.16503,1018.44833,400.90759,-560.56274,196.66801,411.15067,-341.59046,1066.01883,403.0231,-645.02937,149.22546,410.85155,-399.84077,1065.31288,400.14833,-709.84467,149.06151,407.21825,-487.99572,1048.54553,401.9885,-608.39012,161.76205,410.47832,-392.97024,672.81586,722.58299,-17.68467,543.9785,712.4469,19.5234,673.67012,1012.84744,5.52787,532.91759,1004.7246,25.03412,675.50224,1266.61154,320.39257,534.16573,1263.98254,185.11229,680.61386,1299.20969,334.05861,531.29631,1294.17701,186.73422,654.44351,1336.8934,19.93267,552.08138,1339.92039,-182.20064
WIN_20240327_19_55_47_Pro.jpg,STOP,640.71785,228.78367,-831.42464,654.89189,206.71652,-792.99805,662.01813,207.77528,-792.91672,668.44421,209.15411,-792.79465,627.0591,205.95095,-793.45184,616.46587,206.87453,-793.47771,607.19185,208.1762,-793.57674,679.09561,224.96996,-516.08612,591.93016,222.92097,-508.76007,654.80911,256.72712,-728.35121,620.4525,256.52338,-726.21498,762.45918,348.42296,-325.96336,510.03918,364.91089,-334.64035,944.57565,373.83187,-273.00976,337.38632,408.71261,-318.8125,1136.55739,375.49137,-583.48408,170.67337,409.98638,-621.55663,1196.52725,370.48061,-642.84599,118.27374,411.42846,-681.50475,1205.42648,363.91221,-742.6709,117.77027,407.50222,-777.13257,1186.22559,369.28825,-643.71468,130.94376,409.50933,-675.62248,712.71797,695.00911,-12.33907,571.81244,697.90885,14.15726,730.83427,1021.29713,37.95181,569.19788,1018.65612,56.7051,746.2146,1283.55984,428.66489,587.95052,1289.67776,277.19797,751.79718,1318.53979,447.79972,589.79668,1320.71877,281.03872,730.49103,1356.14333,81.79622,606.75423,1371.17606,-131.62096
WIN_20240327_19_55_52_Pro.jpg,STOP,635.87269,227.55567,-660.46478,652.10167,206.51713,-639.51118,661.27098,206.90303,-639.52587,670.62431,207.58583,-639.55017,626.93115,208.33874,-611.29341,619.69536,209.62324,-611.23516,613.22399,210.80699,-611.29005,694.55368,224.30606,-446.96545,612.72072,226.96042,-315.55487,658.29414,252.47588,-593.59535,626.85192,251.62706,-554.6096,771.70929,338.51557,-392.27455,568.10802,366.6705,2.54865,958.19977,331.81573,-506.84235,482.54555,428.51409,531.97655,1149.43016,291.78765,-740.9111,396.54381,447.95234,927.4205,1206.68198,280.17564,-770.44411,363.64731,449.46686,1023.53615,1200.55077,275.32888,-852.90154,365.67001,446.8222,991.05995,1193.75465,268.46204,-785.22469,378.13007,448.13537,926.15959,731.38588,674.3361,-132.99166,611.73687,668.20809,134.23018,745.93376,920.37895,-134.08244,594.98547,892.89777,7.17517,736.08932,1114.35399,277.20572,612.42287,1106.59498,354.62414,745.4068,1137.85194,304.83723,618.30864,1134.5787,374.65977,697.03079,1181.2712,42.03866,602.56481,1171.22025,86.09133
WIN_20240327_19_56_27_Pro.jpg,STOP,573.80768,234.96687,-756.50024,587.42226,216.1233,-718.56056,593.50941,218.06883,-718.45352,600.91759,220.23974,-718.21625,562.57244,212.21904,-721.7778,552.0443,212.18024,-721.81442,542.48344,212.69085,-722.0369,609.1964,238.50816,-472.46284,525.05959,228.93757,-478.76179,583.68885,265.11383,-666.17561,550.90771,263.09464,-668.07114,672.53662,376.78891,-335.60303,426.14597,361.6622,-371.50879,849.60693,392.19183,-285.34763,236.65073,391.82722,-421.84364,1031.79459,399.99787,-441.30074,54.58694,390.70327,-662.58263,1071.67709,391.51342,-454.31271,3.09814,383.4586,-696.37321,1075.9507,387.07812,-533.68237,-9.64474,380.83862,-789.12254,1065.71022,394.67435,-487.32258,9.34578,386.32075,-713.58742,610.91492,712.07615,-13.32684,467.4968,718.17073,14.70303,608.13332,1002.97975,171.86798,451.3332,999.10973,163.70705,605.82893,1227.47403,641.10664,454.53697,1228.61961,485.40352,606.81541,1258.75357,673.78647,454.22489,1254.95899,505.19245,595.583,1300.93283,370.71056,465.57323,1307.31228,151.45017
WIN_20240327_19_56_31_Pro.jpg,STOP,736.90689,244.49056,-467.50851,745.25955,229.58383,-411.94492,750.81139,231.75595,-411.93283,756.40755,234.02707,-411.77807,725.63232,224.27207,-443.20423,716.01936,222.91762,-443.25203,705.82283,221.63715,-443.38581,751.64276,247.34108,-136.32916,682.54166,233.76413,-281.06207,740.92941,273.19367,-371.1813,715.02159,267.71729,-412.73701,799.95232,372.6805,5.20596,591.18706,358.704,-261.2676,932.34047,396.93011,203.31673,391.36089,377.51942,-397.96795,1057.87575,378.85426,153.06114,195.19279,362.40412,-682.86896,1083.67172,363.19616,157.76446,135.23834,351.2436,-733.93959,1086.11877,356.2127,87.53708,130.64445,347.34225,-818.55354,1080.25192,366.26504,112.87513,153.14191,354.20136,-731.39366,767.85568,685.84037,66.99525,646.10573,694.52034,-65.66208,776.70647,969.376,151.85984,634.4326,976.64569,-32.2475,784.91539,1203.49148,456.57398,635.14568,1212.95285,142.85129,787.26814,1232.08846,471.92989,633.85632,1237.83414,147.3134,777.12265,1281.16516,219.31713,643.33534,1288.18173,-169.18932
WIN_20240327_19_56_36_Pro.jpg,STOP,609.65221,266.25776,-417.58076,621.66462,247.12582,-407.28611,628.4441,246.88249,-407.42203,635.6955,246.45772,-407.50214,607.11861,247.94971,-365.30632,603.79112,248.4041,-365.30628,601.03016,248.72116,-365.41161,662.73003,257.45179,-295.19497,616.28387,257.79664,-108.8584,625.64232,288.41407,-380.43259,609.06605,289.38293,-325.49942,726.40778,353.04578,-315.02686,612.39677,382.4358,161.11099,855.22423,353.39709,-601.12587,569.95495,450.98439,666.23428,996.7099,291.0247,-977.65594,506.42136,474.06242,1099.13803,1049.56055,262.45231,-1032.43484,474.47529,477.69258,1216.87477,1051.86874,257.99381,-1091.17081,470.77141,474.79249,1177.05704,1029.05983,266.21639,-1012.27081,482.45537,474.72589,1098.19229,711.79832,641.90785,-139.55676,653.89145,639.61583,140.035,702.79137,831.552,-115.30314,629.49089,821.86832,189.97454,689.63898,981.67691,220.96294,628.27209,980.99808,467.31869,696.26587,1002.35155,248.43817,634.31164,1005.66736,485.48965,653.84636,1035.73694,104.37331,602.26501,1030.13512,325.48668
WIN_20240327_19_56_40_Pro.jpg,STOP,727.28912,250.78152,-584.09508,739.40048,230.03067,-539.03687,746.75644,231.10205,-539.00887,752.38297,231.9201,-538.87928,713.77464,229.03168,-547.24476,703.6499,229.26312,-547.07283,694.97932,229.28441,-547.03636,760.06371,246.84863,-260.97805,679.25964,244.38027,-292.94724,740.24956,276.07986,-484.84779,708.08784,274.08975,-493.56213,830.56519,371.84991,-90.2477,601.11565,373.27118,-185.22682,1001.72043,398.66801,-58.0618,433.45932,415.78188,-206.81583,1143.7915,386.76338,-394.88865,271.74759,416.64165,-520.31219,1194.73404,382.76389,-468.71181,221.53809,415.44268,-589.40926,1201.22192,375.19122,-554.33464,222.83157,409.41131,-676.46866,1184.2411,378.86932,-452.94361,236.83006,412.17081,-571.92554,779.29977,694.19389,30.82305,653.17772,695.97106,-28.77915,798.37074,1004.39947,60.9093,651.75308,1003.10961,-23.49604,806.40388,1271.38973,367.5993,655.4644,1275.47373,138.68067,811.67633,1304.41378,378.9386,654.13109,1304.6559,138.68253,789.88953,1345.88511,51.38842,670.65521,1356.00497,-258.56853
WIN_20240327_19_56_46_Pro.jpg,STOP,701.01936,67.95529,-987.57362,721.87927,41.42498,-924.00345,735.82855,44.01582,-924.20166,749.75433,46.74236,-924.3782,681.29166,36.54739,-935.21133,664.93912,35.80109,-935.5529,650.6723,35.23118,-935.87257,768.1675,66.43823,-581.8877,626.77681,58.68618,-624.04285,723.0983,110.37822,-865.98251,670.74173,103.41169,-878.28415,862.75734,265.3533,-439.71786,513.75,261.08438,-495.37479,1121.90369,282.52021,-543.63983,258.8706,306.36425,-719.55421,1335.97931,276.9761,-869.84215,21.2281,291.13186,-1240.46249,1427.78702,287.73541,-926.51382,-34.8349,276.76114,-1325.47043,1412.25006,269.16661,-1014.72122,-1.2738,282.75933,-1420.22934,1387.8833,281.75893,-926.548,1.5947,291.09439,-1300.98984,800.67513,703.10706,-23.75994,598.54744,707.0436,25.70284,809.20464,1055.14669,207.41535,580.27794,1064.30337,275.13193,813.82507,1352.9003,811.35979,596.78173,1359.9531,727.80342,817.63603,1401.39962,853.66417,595.76836,1402.48641,758.08105,802.31712,1447.48821,466.07731,632.00645,1461.82932,320.8165
WIN_20240420_12_47_32_Pro.jpg,STOP,673.42255,376.96512,-620.38612,685.36835,355.01219,-577.03697,693.79036,355.96546,-577.21882,701.21994,357.17516,-577.10838,658.35808,355.56152,-567.6136,649.07738,356.89866,-567.69775,640.75096,358.73887,-567.77214,714.02054,371.8609,-327.7515,630.37121,373.15119,-275.26897,692.7005,405.00017,-532.6046,660.24719,405.9095,-517.39174,808.89816,491.03999,-229.07795,550.99312,506.46363,-129.27904,998.64685,507.19371,-293.1724,377.47643,539.61891,-144.77221,1186.4431,495.2947,-613.94203,194.09084,520.62492,-495.29526,1239.83543,485.20088,-690.26779,139.52603,524.61433,-565.66322,1247.38419,479.06437,-776.84944,135.75137,518.79076,-663.33702,1229.71786,484.37236,-670.77835,152.30385,520.26031,-555.01747,776.91658,866.41471,-68.56156,616.7675,871.78857,70.49747,764.3779,1165.64358,-215.91816,605.0481,1170.62802,-52.84763,773.07976,1450.40474,51.11949,610.57961,1463.21239,23.57085,778.41324,1488.19376,56.82468,609.82979,1500.29331,13.92221,759.22386,1521.63975,-323.03581,634.01093,1537.88338,-405.1062
WIN_20240420_12_47_39_Pro.jpg,STOP,630.26478,356.6678,-642.89444,649.19594,335.7112,-582.81502,658.29994,337.17577,-582.93732,666.4682,338.59185,-582.95612,613.87138,333.55114,-593.10802,598.24322,333.45956,-593.0172,585.78541,333.50415,-593.16856,678.73344,357.40583,-279.52551,568.41228,345.88819,-325.07401,649.09203,390.10262,-539.03175,604.18541,391.0838,-551.68568,754.33388,493.59238,-181.55415,462.84664,492.89462,-249.55101,966.53503,500.1804,-184.95407,249.27204,506.18653,-325.34904,1134.95316,482.54558,-515.1062,40.25757,488.73127,-681.66527,1191.93581,481.48802,-594.63326,-22.2617,478.71474,-762.55539,1188.46779,472.1235,-687.7417,-16.95454,477.96063,-864.60625,1168.71536,474.93862,-581.16161,3.32832,487.33656,-746.20789,686.60751,940.0001,-13.94018,488.85712,929.12913,15.9809,671.49269,1305.30006,-175.9724,487.76302,1299.52804,-166.81164,659.88235,1661.5163,125.90345,479.61586,1664.27559,-88.73772,659.81674,1705.68272,132.80287,474.17301,1710.34538,-99.68641,653.95195,1750.87807,-296.50543,497.11414,1753.33214,-609.32793
WIN_20240420_12_47_44_Pro.jpg,STOP,725.56458,369.21427,-524.69849,731.06888,346.52535,-465.10586,736.45287,348.14595,-465.23518,741.26205,349.91708,-465.14687,709.63074,342.54706,-507.73106,698.19969,341.08427,-507.8046,685.16792,340.01184,-508.03139,729.12109,362.34786,-182.32786,649.45137,349.58805,-374.05792,727.45758,399.89187,-426.18896,702.66998,397.71473,-481.9672,767.32086,497.38429,-37.91606,536.2904,486.52027,-381.45702,919.88434,499.00426,279.32917,323.79692,520.23396,-579.94789,1037.55386,482.2444,395.88284,97.21149,475.24306,-911.8187,1081.24306,476.45315,432.92423,28.43796,452.15461,-965.82413,1082.42661,469.31349,359.61029,20.96375,451.78905,-1062.03232,1063.64944,475.37885,354.78508,46.42548,463.01914,-967.84706,720.84015,900.28213,38.08466,548.41957,892.14709,-37.04196,702.22214,1204.0026,29.73177,547.60578,1209.53568,-45.63217,699.37714,1497.957,370.06088,538.86749,1495.03807,152.09505,695.20012,1534.52259,382.68379,532.45277,1527.74197,157.03237,703.4948,1581.23337,45.52703,554.84016,1574.18032,-249.09698
WIN_20240420_12_47_49_Pro.jpg,STOP,695.18005,356.73208,-945.32372,710.92812,326.81852,-916.64627,722.73422,325.45388,-916.52367,732.23396,325.19604,-916.4843,678.18497,333.8334,-887.42966,669.26811,336.60642,-887.21924,660.90576,339.45282,-887.24449,758.28461,341.16707,-654.18404,661.52115,352.03204,-511.08402,724.46442,384.44733,-852.87048,685.5999,392.03051,-810.09918,876.49658,470.84398,-489.09977,619.29634,494.20976,-197.26896,1094.81102,479.74115,-473.98045,502.6009,536.6111,254.35982,1327.36664,459.13191,-722.4099,370.11364,543.35371,499.91066,1381.78299,447.54211,-763.95172,337.72747,550.15025,544.24004,1371.38245,441.96582,-852.72835,341.18229,545.68903,482.65743,1342.0285,450.31375,-776.48788,353.51414,547.69682,475.81059,859.47952,865.56095,-161.13853,683.57132,868.32401,163.221,856.39374,1176.80895,-261.40921,693.45741,1181.68997,115.86494,862.54059,1468.44995,167.96394,704.92012,1475.63433,371.35704,870.43678,1504.65677,183.45469,706.9548,1512.92141,378.39649,842.7034,1545.88554,-262.38758,709.71161,1560.84412,-91.45013
WIN_20240420_12_47_54_Pro.jpg,STOP,721.96747,351.50416,-675.99594,731.7762,328.3053,-627.03571,740.616,329.28064,-627.04884,747.39563,330.4039,-626.96281,699.37393,328.10381,-624.08394,685.20699,329.58551,-623.96324,674.01039,331.82196,-624.1515,756.68419,348.58533,-349.4817,657.2551,350.05694,-329.3037,740.50491,383.49203,-579.33544,701.20407,387.01139,-572.54047,851.90369,484.07487,-222.70046,575.22228,492.82411,-247.33551,1075.16541,490.22223,-224.83435,388.29773,506.25313,-338.72574,1272.62192,455.43982,-515.39787,190.22785,475.61965,-733.95607,1329.85809,437.25878,-578.84651,136.98703,463.02193,-819.96681,1329.3457,429.94587,-669.02046,132.75017,459.82517,-911.81862,1299.69452,439.91979,-579.2157,145.85437,469.6112,-796.37688,802.13066,915.06217,-30.40671,605.22972,900.06884,32.63577,773.39577,1264.53392,-154.84868,580.21393,1255.91394,-78.21793,760.40176,1593.97476,198.45137,568.22704,1595.8663,58.73824,763.25279,1635.23598,211.06136,564.96117,1636.1245,54.73354,745.0296,1678.80878,-221.75859,586.34888,1689.07946,-447.24026
WIN_20240420_12_47_59_Pro.jpg,STOP,679.48715,362.06474,-426.15181,688.7397,340.57894,-368.75946,695.26825,342.11945,-368.67764,702.97241,344.10562,-368.6367,661.56548,335.96153,-382.63855,649.60114,334.19269,-382.54475,635.34874,332.7612,-382.67593,703.67943,358.97688,-112.93518,609.748,342.94624,-178.17091,687.87743,392.4149,-340.31399,653.50883,389.41109,-358.88279,764.16367,484.08538,-47.17034,493.85765,481.49415,-172.1513,934.03214,497.54655,114.56441,265.49343,495.11733,-259.28289,1086.59203,465.2395,15.47425,53.96442,460.03266,-577.41249,1144.89456,463.15012,-3.54518,-8.81531,447.47439,-630.34473,1140.47714,451.5786,-91.79242,-11.31813,443.68659,-724.1803,1117.948,453.10201,-41.73224,11.94889,453.74994,-635.44685,710.7962,892.10109,-8.56044,519.34807,876.26704,10.1239,686.40137,1229.83566,-113.29707,507.1579,1230.38292,-67.98726,672.26387,1561.52063,174.22499,498.38158,1569.43165,17.1318,668.2653,1601.04687,184.55488,491.23306,1610.14286,7.67689,681.37863,1645.84637,-178.70239,517.23167,1652.11063,-453.48415
WIN_20240420_12_48_04_Pro.jpg,STOP,685.69962,360.29908,-616.69079,697.18948,333.40017,-566.69334,704.8896,334.03677,-566.84826,711.65642,334.79818,-566.67885,665.06165,333.22713,-570.47253,651.08727,333.62391,-570.48542,639.91089,334.58588,-570.51281,720.82428,348.81912,-278.47107,623.38829,348.38953,-292.08939,702.11044,389.35431,-512.69001,664.69559,390.81141,-515.96931,816.22238,484.08783,-108.28324,540.05058,491.26272,-194.93032,1021.26892,497.73015,-134.75507,343.08907,518.28419,-278.43105,1217.96097,469.82873,-478.708,162.71973,495.64944,-631.37428,1269.98978,453.01176,-553.2655,101.05198,494.01063,-713.84552,1275.59288,442.54736,-651.71577,102.81071,487.64504,-801.53183,1248.36807,451.38702,-543.82423,120.00618,492.4646,-688.60786,773.7709,914.56212,2.30608,603.1485,917.81313,-0.35302,766.56525,1252.63358,-91.94648,599.61437,1256.96219,-71.14975,784.3573,1563.99822,200.47758,607.28443,1587.34056,17.8983,788.28346,1607.84019,208.56358,608.47809,1631.96789,9.37938,770.97908,1649.13437,-161.04326,629.68285,1674.17582,-411.87561
WIN_20240420_12_48_09_Pro.jpg,STOP,652.46811,389.99671,-538.68553,663.15331,369.94808,-498.68084,671.15417,370.4695,-498.84361,678.34442,371.34274,-498.75004,637.28405,371.50247,-492.58762,628.80928,372.80701,-492.60433,620.84339,374.01954,-492.67574,692.2744,385.28053,-260.3327,610.41084,387.07448,-226.31113,670.6205,415.37633,-453.16051,639.58153,416.40226,-443.04596,780.71648,495.24264,-141.12791,539.17194,510.4606,-94.18056,946.04034,510.25023,-162.91805,382.01714,537.69665,-88.96799,1107.06421,510.43433,-479.16847,222.86274,531.40672,-389.36764,1159.81339,511.4298,-548.94176,184.84127,531.04198,-452.68654,1167.14462,505.82213,-637.85851,180.93777,528.08623,-538.57979,1145.19814,507.19354,-535.11009,191.3596,531.96685,-442.37209,744.43451,851.42901,-37.06501,594.46266,854.19791,38.57057,732.04704,1135.60043,-149.22346,582.33715,1135.35384,-45.6344,744.99367,1399.01344,90.24641,585.1704,1413.10701,23.71619,750.15068,1435.41716,94.87562,586.54762,1450.17609,14.11292,730.79063,1466.24084,-253.03528,602.82726,1483.23275,-365.81608
WIN_20240420_12_48_15_Pro.jpg,STOP,599.64333,351.49678,-616.95213,614.00963,333.76478,-561.04088,620.59765,335.70961,-560.998,627.18956,337.56547,-561.12751,584.18083,329.26613,-570.41786,570.83447,328.47454,-570.22728,556.60431,328.00391,-570.38109,631.72924,354.231,-265.83405,532.62718,340.75891,-308.48822,611.83815,383.74073,-514.40907,570.5793,380.98972,-525.92796,700.67177,481.19156,-150.78613,413.62621,477.24897,-250.0161,887.93396,487.29369,-36.23995,209.67438,469.74887,-301.4053,1063.12668,462.18131,-245.51271,19.34139,417.95494,-593.29224,1120.59036,460.4104,-292.01208,-20.46783,394.02444,-659.47502,1121.46988,450.92208,-384.767,-24.43771,388.39279,-749.9472,1099.66568,451.8784,-307.60229,-5.44712,403.92961,-650.21515,642.27707,898.19489,-17.84547,445.28263,875.83737,19.49797,623.09074,1255.32454,-193.75767,431.02135,1246.66414,-109.59496,605.14545,1611.56096,96.05157,418.27694,1615.14301,-59.74139,603.39638,1655.39177,104.23125,410.31677,1660.04379,-71.93742,600.84343,1703.56133,-317.96177,439.54124,1711.78391,-577.87483
WIN_20240420_12_48_19_Pro.jpg,STOP,690.26688,292.08007,-845.22896,710.75974,262.69978,-786.1969,724.58588,263.77073,-786.01898,733.85765,265.43003,-786.01158,665.9391,264.54415,-779.52271,651.43936,266.75268,-779.2215,637.68597,269.59606,-779.41765,747.21291,287.51652,-430.87193,620.55,288.05706,-390.71041,715.37193,328.96212,-720.3965,661.91719,335.10442,-707.72194,855.55367,454.29046,-216.95835,525.06981,446.36507,-262.10171,1138.50845,430.37361,-140.20154,291.95908,459.30276,-327.19608,1368.52692,371.62289,-432.35737,99.88789,426.8858,-693.79257,1431.18607,371.11198,-498.77159,45.19188,417.08479,-788.22403,1430.0351,362.66929,-607.64931,47.57042,415.40285,-884.9276,1389.37576,368.41222,-507.59594,67.48711,422.22506,-759.67972,777.43866,969.37085,-62.32014,546.71753,955.61168,65.07089,772.16125,1386.70223,-256.73212,548.34259,1378.27452,-53.56217,773.22128,1779.52045,150.97812,541.24298,1789.1716,106.65732,775.97488,1830.87622,161.03405,536.34632,1844.84928,99.41783,756.74667,1886.16405,-403.17722,561.94298,1895.76439,-531.17035
WIN_20240420_12_48_24_Pro.jpg,STOP,645.44296,381.58925,-607.40307,656.89354,357.88311,-562.29412,666.02814,358.62036,-562.45289,673.3699,359.43418,-562.3835,629.72069,357.90539,-560.03014,619.87598,358.3993,-560.07957,611.79848,359.28336,-560.16426,684.38072,372.58106,-295.02192,601.45374,371.45432,-279.34378,663.8739,405.5473,-510.0959,630.04841,408.2111,-505.16621,776.37062,487.08701,-149.09889,526.91608,495.74673,-143.72708,949.74457,489.9992,-164.2898,350.31403,499.99479,-163.17636,1125.79025,455.74834,-493.51871,194.76055,469.18612,-493.18508,1184.65927,441.10601,-570.28069,145.90454,467.65602,-565.03185,1190.38185,430.83504,-662.9425,141.13518,464.8218,-661.0524,1171.79848,434.9989,-553.85792,156.18442,468.61071,-552.57812,731.3327,883.24087,-40.84679,578.68774,887.03158,42.32463,717.80975,1185.46987,-153.65808,562.01202,1184.76648,-27.53962,726.05782,1476.16957,144.25276,560.04627,1495.7412,88.14153,729.31435,1515.62696,152.29881,562.91241,1539.4812,81.59328,710.13344,1553.47916,-226.89728,572.97859,1571.98477,-334.93713
WIN_20240420_12_48_29_Pro.jpg,STOP,690.08476,347.0018,-707.41158,702.03354,322.90996,-649.50592,709.16351,324.5171,-649.61876,715.70221,325.87078,-649.52873,669.65019,319.0535,-676.11351,655.33249,318.54361,-676.04576,642.72812,318.49721,-676.11061,720.81772,340.33074,-329.59621,618.81603,331.28588,-449.63371,703.27774,379.29053,-593.39123,664.80896,376.1496,-627.22309,793.99742,475.41571,-196.42359,507.82417,478.89675,-361.66092,974.15947,486.04194,-230.21406,264.90667,495.73969,-450.4644,1141.12167,474.3784,-626.30352,34.93496,445.80511,-796.79314,1200.80673,472.341,-713.66425,-22.47322,429.02671,-870.90088,1198.3522,464.00414,-809.67545,-34.45145,424.74526,-981.51428,1177.77,467.77266,-695.69038,-5.68985,436.99862,-863.4623,748.10806,895.27519,15.00837,554.02107,897.40285,-12.99348,741.66878,1245.61495,-51.55926,558.80127,1259.78165,-62.38226,746.0585,1578.14793,262.65812,560.81932,1602.9118,41.38021,746.67915,1620.57146,272.50393,554.91829,1645.70354,32.35791,746.98997,1668.31238,-108.38275,587.36927,1690.28229,-441.46652
tPOse6.jpg,STOP,111.14827,21.36917,-126.66555,113.7387,17.70529,-118.33065,115.07024,17.90292,-118.33112,116.30888,18.10244,-118.33895,108.61709,17.49675,-119.07413,106.30079,17.62079,-119.07962,104.51834,17.76262,-119.05109,119.14207,20.27175,-65.65505,102.1941,19.99097,-69.66109,114.53185,26.85822,-107.12411,108.08147,27.01759,-108.11351,133.37815,43.85825,-33.22485,90.36246,43.77844,-38.25169,161.36152,47.56275,-20.5289,60.40679,47.12673,-28.4628,187.4908,49.2002,-73.53829,31.07013,48.75951,-67.79144,198.33847,51.02195,-86.27744,21.39738,49.52197,-78.92761,199.05317,50.03315,-103.76592,20.62724,49.63341,-95.52773,195.87433,49.8034,-83.99724,23.79449,50.15027,-77.57964,125.09823,115.26875,2.3332,98.53961,115.26426,-2.31863,127.31739,157.83462,36.96053,93.32682,159.21616,22.94327,131.0928,201.08424,112.55497,88.69379,200.10154,98.05755,129.05789,207.15119,116.72536,90.31798,205.88171,102.24205,132.80774,216.80471,58.69503,86.06094,216.86077,43.96224
tPose1.jpg,STOP,99.20705,63.01351,-93.06677,100.42763,59.67213,-86.00409,101.23642,59.65936,-86.02853,102.02477,59.65104,-86.0633,97.08456,59.67317,-86.931,95.70447,59.70069,-86.93788,94.14944,59.79802,-86.91935,102.81306,60.53041,-40.23745,91.36361,60.49334,-45.04541,100.93438,66.68957,-75.73036,96.5973,66.961,-77.02259,112.83371,79.54736,-9.54834,80.41266,77.61439,-16.18109,134.76156,84.62459,-4.18102,53.82029,80.61682,-10.43062,157.3444,86.10217,-53.56159,28.22056,80.6633,-53.12041,165.13763,87.24455,-64.60729,19.70047,81.24445,-64.31683,165.78907,86.49346,-80.0484,18.97586,80.85675,-77.79906,163.13542,86.30264,-62.50165,21.7929,81.10061,-61.13906,106.83329,132.52202,1.16671,88.1069,133.28921,-1.11127,106.83832,175.27186,-7.57507,90.30577,174.86168,-11.98737,105.94737,213.8135,37.00228,92.13645,215.41565,25.29407,104.70808,217.53438,38.59258,92.50227,219.84076,26.25378,105.6643,226.07417,-13.10943,93.89295,228.45852,-25.69407
tPose10.jpg,STOP,100.33155,40.30922,-145.91031,103.32272,36.65159,-139.85471,104.81769,36.76511,-139.86565,106.30371,36.91863,-139.9033,98.32275,36.42701,-139.88397,96.42306,36.46077,-139.90456,94.60713,36.4911,-139.89924,109.3529,38.37814,-92.5962,92.58731,37.50723,-93.71364,103.63164,45.1706,-127.37575,96.52927,45.24285,-127.56496,119.07979,58.01014,-59.53585,80.66001,55.73288,-55.69713,144.29707,59.74105,-57.76645,50.98961,57.13309,-45.8344,170.27783,56.34984,-115.4832,24.29199,54.56708,-81.05511,179.08657,57.54938,-128.17465,15.55007,55.72939,-88.77956,181.08323,56.09313,-144.02129,14.50633,55.26981,-102.45278,177.42559,55.75209,-125.38909,17.39996,55.26488,-89.1,110.05406,119.30346,-2.51586,89.06639,117.98479,2.54914,102.57022,167.91679,-5.42363,89.07369,166.95909,-1.4204,99.60521,212.6701,38.31431,92.5282,214.12714,38.47194,98.11858,218.63264,39.60838,93.0851,219.9012,39.64537,101.24846,228.00957,-13.69844,90.86528,228.16208,-13.24926
tPose2.jpg,STOP,112.07711,32.15759,-137.12768,114.30651,28.45397,-130.45925,115.78553,28.40286,-130.46892,116.98758,28.35684,-130.49297,109.5025,28.6389,-129.06452,107.57459,28.84132,-129.08689,106.12027,28.97796,-129.06271,119.64939,29.34447,-84.82994,103.94893,30.22987,-78.02698,115.28444,36.51713,-119.94727,109.54268,37.4172,-117.9282,134.1888,50.79738,-60.30077,91.2102,51.46548,-40.10464,165.60565,50.31523,-64.33703,63.04982,51.17951,-13.09531,191.38476,49.37472,-116.95036,34.89615,48.23171,-32.51637,200.76039,49.88352,-128.54965,25.6762,48.03883,-37.70878,202.45998,48.7088,-144.766,25.27073,47.30006,-52.8968,198.6735,48.42678,-126.72939,27.46447,47.64738,-40.96875,125.25718,116.3685,-7.55474,101.15059,117.53359,7.55004,128.54908,159.77069,6.9628,97.90717,161.50054,29.78805,130.53887,197.45583,90.87439,99.10615,194.32394,111.13266,126.87231,201.65766,95.77359,102.70261,198.36194,115.75973,138.4219,212.98413,41.51829,91.21736,213.21125,65.43507
tPose4.jpg,STOP,147.69321,21.21911,-130.62694,149.55874,18.38511,-124.39167,150.83565,18.43664,-124.39484,151.72738,18.45643,-124.41475,145.94419,18.36857,-124.2729,144.73131,18.37242,-124.29534,143.57604,18.25753,-124.27846,153.78165,20.14354,-84.74668,141.70578,19.77619,-84.22737,150.17406,24.51813,-115.96296,145.67176,24.2377,-115.77393,164.75492,38.65572,-61.9965,130.98642,37.41387,-51.60692,189.45317,38.1778,-62.58167,107.3532,37.79353,-43.7483,211.67418,38.73925,-97.38884,85.08277,38.31019,-76.63043,218.93209,39.51096,-105.67228,77.73658,38.89774,-83.66727,220.00002,38.51601,-117.31424,77.22457,38.42396,-95.80259,217.65378,38.66604,-104.30791,80.04378,38.60168,-83.54855,156.33997,85.2951,-5.55419,139.98804,84.38054,5.52818,154.13857,117.2677,12.00782,141.13725,117.2549,24.60497,153.08913,147.46586,72.77904,142.79731,147.25009,83.44191,152.03887,150.56321,76.05502,143.95961,150.4364,86.7589,153.14489,159.20348,29.34546,140.83167,159.39497,44.35765
tPose5.jpg,STOP,143.78761,18.27887,-97.28704,145.36942,15.304,-92.12954,146.50288,15.21457,-92.15432,147.4877,15.14519,-92.18407,142.13692,15.53361,-91.01307,141.14412,15.55461,-91.02532,140.31021,15.53791,-91.01613,149.55657,16.57458,-57.05389,139.3367,16.8693,-51.66996,146.46762,21.53339,-83.90134,142.20223,21.70119,-82.36105,161.24263,34.37289,-39.00198,130.01892,33.00116,-21.74113,185.06737,34.80647,-46.22871,105.90423,33.54467,-17.97156,207.01735,34.45023,-85.58379,84.32497,33.23697,-56.27871,214.43474,35.09574,-94.90244,77.48515,33.77426,-63.51453,215.88274,34.86579,-106.44326,76.78543,33.44117,-78.15146,212.53255,34.68786,-92.29812,78.95958,33.63284,-64.30493,152.51894,80.996,-12.5589,136.33563,81.53452,12.56686,153.31581,116.55193,-17.01091,138.59482,116.41949,12.44573,153.09963,152.40969,12.95326,141.44871,151.49774,41.23242,153.26407,157.52117,13.07042,143.7196,156.73955,41.37998,147.7542,159.13147,-33.34825,135.34149,160.14326,-0.85811
tPose7.jpg,STOP,114.98507,23.29317,-62.70374,117.35412,20.04997,-60.92455,118.39329,20.12062,-60.92651,119.4724,20.12038,-60.9226,115.34418,19.85259,-54.38532,114.98714,19.7825,-54.41002,114.7017,19.65306,-54.38998,123.58964,21.29813,-39.2063,117.55558,20.28187,-9.49224,117.5532,26.91462,-55.06228,114.60206,26.49461,-46.27398,136.88444,39.84307,-42.80399,107.87315,37.81703,32.69104,159.15103,41.20288,-97.11536,87.91287,37.27839,118.6986,179.60188,43.38721,-180.16794,69.59838,36.22327,189.32087,186.97833,44.66512,-193.72389,63.61256,36.53869,200.6506,186.94122,44.184,-208.23174,63.53007,36.53281,193.32802,184.41569,43.97995,-188.99563,65.40489,36.95121,187.3807,128.80788,92.96645,-27.87362,112.01538,93.23245,27.86603,129.77355,134.88063,-26.41,113.64185,133.23807,37.92981,127.02707,171.84339,2.66163,115.90995,167.89508,82.67946,128.51845,177.3746,3.25841,118.69362,172.25818,83.8848,114.99316,180.19653,-42.1822,106.89229,177.87649,46.75343
tPose8.jpg,STOP,85.05524,70.78555,-67.36671,86.08466,68.01438,-65.87081,86.7706,67.88525,-65.86999,87.44819,67.78948,-65.88581,84.21493,68.72139,-61.32077,83.68309,69.033,-61.35032,83.13102,69.35389,-61.36365,89.13968,70.07589,-52.58524,83.37605,71.95723,-30.91983,87.36193,72.94248,-62.1208,84.70766,73.98478,-55.79418,105.40642,86.95221,-46.52574,78.09806,85.45162,-18.77403,129.62058,92.65481,-63.44767,50.88579,79.89459,-20.18454,152.8865,95.95726,-100.32212,25.23589,70.36346,-44.12438,158.58285,95.92784,-106.87076,17.34999,70.88376,-50.58966,159.68474,95.60803,-116.71477,16.54599,70.18806,-59.26749,157.72796,96.16561,-106.8965,19.2627,70.7597,-50.86519,96.73417,138.86859,-15.92981,82.23247,140.01364,15.91587,93.5035,174.67207,-30.6348,84.80854,174.00178,1.25096,97.84392,215.49573,-6.0189,91.11794,214.64106,19.84655,99.78843,219.57221,-5.87659,94.15943,219.68301,19.59744,92.44258,232.04328,-49.99833,87.95629,231.44346,-16.4281
tPose9.jpg,STOP,96.26916,64.54606,-164.68498,97.95412,61.29884,-158.77503,99.22823,61.11082,-158.76482,100.42819,61.00143,-158.77544,94.21575,61.76371,-158.39544,92.99024,61.88201,-158.42569,91.79069,62.04763,-158.41341,103.00505,62.95326,-115.29225,90.0821,64.18268,-114.5033,99.5267,67.89567,-148.28988,94.38316,68.34084,-147.94134,118.53116,82.01318,-84.55674,79.85318,84.39968,-75.64776,144.37642,82.83299,-79.4134,54.47338,86.47933,-54.21742,171.85899,79.9266,-116.10046,28.08606,83.02043,-76.75114,180.02669,79.12284,-123.98861,20.30343,82.82045,-82.36309,180.56016,78.07328,-139.96515,19.75119,81.94281,-96.21348,177.79536,78.37939,-124.6523,22.04428,82.28861,-84.05086,111.40419,138.73794,-2.57729,90.89294,139.41549,2.52773,112.84177,179.08219,18.963,91.98403,178.3121,16.35302,111.62468,213.99383,77.23722,92.68258,212.99986,78.57094,109.80611,218.16021,79.73666,94.60325,216.87644,81.68715,115.39044,226.95688,29.41707,89.00187,226.51048,33.65948
tpose3.jpg,STOP,92.24844,20.16297,-173.74062,94.85561,15.40388,-168.06346,96.81511,15.24126,-168.06622,98.3524,15.15837,-168.09568,89.6816,15.78152,-165.40755,87.91269,15.95048,-165.42769,86.4581,16.08941,-165.38648,102.15331,16.33528,-119.393,85.60448,17.13542,-106.76249,96.53441,24.4116,-155.01081,89.81695,25.52907,-151.21496,120.7107,38.63279,-90.87228,73.88554,39.89125,-55.97464,155.73173,40.99792,-99.10624,46.75565,42.04228,-5.6016,189.3382,46.72374,-166.24353,20.49175,41.35063,5.29975,201.6997,48.16954,-180.53683,12.19063,40.4487,4.33093,202.69665,47.49953,-200.98116,12.18757,40.39162,-10.43053,198.02317,47.92714,-177.93294,15.35206,41.56305,-2.16382,110.56559,112.1683,-12.56116,85.80394,112.51387,12.59904,114.88033,159.4207,16.30448,90.12821,159.7967,49.70395,115.74054,201.82187,95.26605,92.52886,202.45733,137.99823,113.07283,207.37442,99.46287,96.53743,208.37202,142.85866,118.35077,222.53215,36.46902,83.35235,222.55396,85.90108
